category;name;price;;;;Цена GSM;Цена+6%
АКБ;АКБ iPhone 11 Original;2900;;;;1700,00;2862
АКБ;АКБ Lenovo BL197 A820/A800 HC;1250;;;;150;1219
АКБ;АКБ LG BL-44JR P940 HC;1150;;;;50;1113
АКБ;"АКБ Oppo F7 BLP661 ""Sky Blue""";1300;;;;190;1261,4
АКБ;АКБ ZTE A910/Blade V7/V7 Plus/Z10 (Li3927T44P8h786035) HC;1450;;;;350;1431
АКБ;"АКБ Oppo A83 BLP649 ""Sky Blue""";1300;;;;190;1261,4
АКБ;АКБ LG BL-BL-45F1F K7 (2017)X230/K8 (2017) X240 HC;1450;;;;350;1431
АКБ;АКБ Lenovo BL262 Vibe P2 HC;1350;;;;260;1335,6
АКБ;АКБ OnePlus 6T/7 BLP685 HC;1550;;;;450;1537
АКБ;АКБ OnePlus 3 BLP613 HC;1400;;;;280;1356,8
АКБ;АКБ ZTE Axon 7 mini (Li3927T44P8h726044) HC;1450;;;;350;1431
АКБ;АКБ Lenovo BL253 A2010/A1000 HC;1300;;;;190;1261,4
АКБ;АКБ ZTE A520 (Li3824T44P4h716043) HC;1350;;;;250;1325
АКБ;АКБ Lenovo BL267 K6 HC;1350;;;;270;1346,2
АКБ;АКБ LG BL-46G1F K10 (2017) M250 HC;1450;;;;350;1431
АКБ;АКБ ASUS ZenFone 5 ZE620KL/5Z ZS620KL C11P1708 HC;1300;;;;190;1261,4
АКБ;АКБ Lenovo BL214/BL203 A316 HC;1250;;;;150;1219
АКБ;АКБ ZTE A3 (2019)/L8 (Li3820T43P4h695945) HC;1350;;;;250;1325
АКБ;АКБ LG BL-45A1H K10 K410/K10 LTE K430ds HC;1450;;;;350;1431
АКБ;АКБ Lenovo BL210 S820/A656/S650/A766/A536 HC;1300;;;;190;1261,4
АКБ;"АКБ ZTE A510 (Li3822T43P8h725640) ""Sky Blue""";1350;;;;250;1325
АКБ;"АКБ Vivo V9 B-D9 ""Sky Blue""";1300;;;;180;1250,8
АКБ;АКБ Realme 6/6 Pro/6i/6S (BLP757) HC;2000;;;;850;1961
АКБ;АКБ Oppo A5 2020/A9 2020 (BLP727) HC;1900;;;;790;1897,4
АКБ;АКБ Oppo A53/A54 4G/A16/A55 4G (BLP805) HC;1900;;;;790;1897,4
АКБ;АКБ Samsung A51 (EB-BA515ABY) Original;2000;;;;850;1961
АКБ;"АКБ ASUS ZenFone Max Pro/Max Pro (M1) ZB602KL/Max Pro (M2) ZB631KL C11P1706 ""Kstati""";1800;;;;690;1791,4
АКБ;АКБ ZTE Blade A7 Vita/V9/V9 Vita/V10 HC;1900;;;;750;1855
АКБ;АКБ Honor View 10/Honor 8X/9X Lite/Honor 20 (HB386590ECW) HC;2050;;;;890;2003,4
АКБ;АКБ Xiaomi Poco X3/X3 Pro BN57 HC;2100;;;;950;2067
АКБ;АКБ Infinix Hot 10 Lite/10S/12i/20/20i/Smart 6/6 HD/6 Plus (BL-49FX) HC;2000;;;;850;1961
АКБ;АКБ ASUS ZenFone GO ZB500KL/ZB500KG B11P1602 HC;1550;;;;450;1537
АКБ;АКБ для часов Q50/TD-26/S02/G900A/E02/E15;1300;;;;200;1272
АКБ;АКБ Tecno Spark 5 Air/6 Go/8C/8P/Go 2022/Camon 15/15 Air (BL-49FT) HC;1900;;;;790;1897,4
АКБ;АКБ Oppo A1K/Realme C2 (BLP711) HC;1900;;;;790;1897,4
АКБ;АКБ универсальный 357093P (3.5*70*93mm, 3500 mAh);1450;;;;350;1431
АКБ;"АКБ Huawei MediaPad T3 10.0""/MediaPad T1/M2 8.0"" HB3080G1EBW/HB3080G1EBC HC";2150;;;;990;2109,4
АКБ;АКБ Oppo A15/A15S (BLP817) HC;1900;;;;790;1897,4
АКБ;АКБ Realme 8i/C30/C30S/C31/C33/C35/Note 50 (BLP877) HC;2000;;;;850;1961
АКБ;АКБ универсальный 042530P  (4*25*30mm, 350 mAh);1350;;;;250;1325
АКБ;АКБ универсальный 3585155P  (3.5*85*155mm, 7000 mAh);1550;;;;450;1537
АКБ;АКБ универсальный 042025P  (4*20*25mm, 300 mAh);1350;;;;270;1346,2
АКБ;АКБ ASUS ZenFone 3 Max ZC553KL/4 Max ZC520KL C11P1609 HC;1400;;;;310;1388,6
АКБ;АКБ Honor 5C/6C Pro/7A Pro/9 Lite/9i/Huawei P9 (HB366481ECW) HC;2000;;;;850;1961
АКБ;АКБ ASUS ZenFone 2 ZE550ML/ZE550CL C11P1424/C11PJJ1 HC;1500;;;;390;1473,4
АКБ;АКБ Realme 8 (BLP841) HC;2000;;;;850;1961
АКБ;АКБ ZTE A610/A610C (466380PLV) HC;1450;;;;350;1431
АКБ;АКБ LG BL-46ZH K7 X210ds/K8 K350E HC;1400;;;;320;1399,2
АКБ;АКБ ZTE A510 (Li3822T43P8h725640) HC;1400;;;;300;1378
АКБ;АКБ iPhone X Original;2350;;;;1200,00;2332
АКБ;АКБ Lenovo BL171 A390/A1900 HC;1250;;;;160;1229,6
АКБ;"АКБ Vivo V7 B-5D ""Sky Blue""";1300;;;;180;1250,8
АКБ;АКБ iPhone 12/12 Pro Original;3150;;;;1950,00;3127
АКБ;АКБ ZTE Blade A1/V8 Mini/Axon Mini/B2015/C880 (Li3928T44P8H475371) HC;1300;;;;190;1261,4
АКБ;АКБ Realme 5/C3/C11/C11 2021/C21/C21Y/Narzo 50i (BLP729) HС;2000;;;;850;1961
АКБ;АКБ iPhone 7 Original;2100;;;;950;2067
АКБ;"АКБ Vivo V7 Plus B-C9 ""Sky Blue""";1300;;;;180;1250,8
АКБ;АКБ Infinix Hot 11S/12 Pro (BL-49GX) HC;2000;;;;850;1961
АКБ;АКБ iPhone XR Original;2350;;;;1200,00;2332
АКБ;АКБ Xiaomi Redmi 7/Redmi Note 8/Redmi Note 8 2021/Redmi Note 8T BN46 ''GSM'';2250;;;;1100,00;2226
АКБ;АКБ универсальный 042040P  (4*20*40mm, 450 mAh);1350;;;;270;1346,2
АКБ;АКБ Honor 6A/6C/7A/7S/8A/8S/9S/Huawei Y5 (2017) (HB405979ECW) ''GSM'';2100;;;;950;2067
АКБ;"АКБ iPhone 8 ""Kstati"" усиленная 2300 mAh";1900;;;;790;1897,4
АКБ;АКБ универсальный 04100100P (4*100*100mm, 6000 mAh);1550;;;;450;1537
АКБ;АКБ Honor View 10/Honor 8X/9X Lite/Honor 20 (HB386590ECW) ''GSM'';2150;;;;990;2109,4
АКБ;АКБ iPhone 7 HC;1550;;;;450;1537
АКБ;АКБ Honor 10 Lite/10i/20i/Huawei P Smart 2019 (HB396286ECW) ''GSM'';2150;;;;990;2109,4
АКБ;АКБ Realme 9 (BLP883) HC;2000;;;;850;1961
АКБ;"АКБ Samsung A20/A30/A50/A30S/A50S (EB-BA-205ABN/EB-BA505ABU) ""GSM""";2100;;;;950;2067
АКБ;АКБ Samsung S4/Galaxy Grand 2 (B600BC/B600BE) HC;1400;;;;290;1367,4
АКБ;"АКБ iPhone 8 ""Kstati"" 1821 mAh";1700;;;;590;1685,4
АКБ;АКБ iPhone 11 Pro Original;3050;;;;1850,00;3021
АКБ;АКБ Nokia BL-L4A Lumia 535 HC;1150;;;;50;1113
АКБ;АКБ Honor 5C/6C Pro/7A Pro/9 Lite/9i/Huawei P9 (HB366481ECW) ''Kstati'';1700;;;;590;1685,4
АКБ;АКБ Infinix Hot 10 Play/11/11 Play/12 Play (BL-58BX) HC;2000;;;;850;1961
АКБ;АКБ Samsung i8262 Core Duos/i8260 Galaxy Core (B150AC/B185BC) HC;1350;;;;250;1325
АКБ;АКБ Realme XT (BLP741) HC;1550;;;;450;1537
АКБ;АКБ Samsung A60 (EB-BA606ABU) HC;1450;;;;340;1420,4
АКБ;"АКБ Samsung S9 Plus (EB-BG965ABA/EB-BG965ABE) ""Kstati""";1600;;;;500;1590
АКБ;"АКБ Xiaomi Redmi Note 5/Note 5 Pro BN45 ""Kstati""";1650;;;;550;1643
АКБ;"АКБ iPhone 5 ""Kstati"" 1440 mAh";1450;;;;350;1431
АКБ;АКБ Samsung S10 (EB-BG973ABU) HC;1500;;;;400;1484
АКБ;АКБ ASUS ZenFone 7/C11-ME370T HC;1350;;;;250;1325
АКБ;"АКБ Samsung A20/A30/A50/A30S/A50S (EB-BA-205ABN/EB-BA505ABU) ""Kstati""";1650;;;;550;1643
АКБ;"АКБ Nokia HE321/336 Nokia 5/5.1/3.1 ""Sky Blue""";1150;;;;50;1113
АКБ;"АКБ Samsung J5 (2016) (EB-BJ510CBC) ""Kstati""";1400;;;;300;1378
АКБ;"АКБ Samsung G530H/J250/J320/J500 (EB-BG530CBE) ""Kstati""";1500;;;;390;1473,4
АКБ;"АКБ Samsung J700F J7/J400F J4 (2018)/J701F J7 Neo (EB-BJ700BBC) ""Kstati""";1450;;;;350;1431
АКБ;АКБ Xiaomi MiPad 2 BM61 HC;1600;;;;470;1558,2
АКБ;"АКБ Xiaomi Redmi Note 4 BN41 ""Kstati""";1450;;;;350;1431
АКБ;"АКБ iPhone XS Max ""Kstati"" 3174 mAh";2050;;;;900;2014
АКБ;АКБ Xiaomi Redmi Note 4 BN41 HC;1500;;;;390;1473,4
АКБ;АКБ Samsung A5 (EB-BA500ABE) HC;1350;;;;250;1325
АКБ;АКБ Samsung S5 mini (EB-BG800BBE) HC;1450;;;;350;1431
АКБ;АКБ Samsung N985F Note 20 Ultra (EB-BN985ABY) Original;1900;;;;790;1897,4
АКБ;АКБ Huawei Mate 20X/Enjoy Max/Honor Note 10/Honor 8X Max (HB3973A5ECW) HC;1500;;;;400;1484
АКБ;"АКБ iPhone X ""Kstati"" 2716 mAh";1900;;;;790;1897,4
АКБ;АКБ Samsung A7 (2016) (EB-BA710ABE) HC;1450;;;;330;1409,8
АКБ;АКБ Samsung S8 (EB-BG950ABA/EB-BG950ABE) HC;1450;;;;350;1431
АКБ;АКБ Samsung J530 J5 (2017) (EB-BJ530ABE) Original;1400;;;;290;1367,4
АКБ;АКБ Samsung S6 Edge (EB-BG925ABE) HC;1350;;;;250;1325
АКБ;"АКБ Honor 9/Honor 9 Premium/Huawei P10 (HB386280ECW) ""Kstati""";1650;;;;550;1643
АКБ;АКБ Xiaomi Mi5c BN20 HC;1350;;;;250;1325
АКБ;АКБ ASUS ZenFone 5 Lite ZC600KL C11P1410 HC;1300;;;;200;1272
АКБ;"АКБ Samsung S8 (EB-BG950ABA/EB-BG950ABE) ""Kstati""";1550;;;;450;1537
АКБ;АКБ Nokia 2.1 HC;1350;;;;250;1325
АКБ;АКБ универсальный 30100140P (3*100*140mm, 8000 mAh);1550;;;;450;1537
АКБ;"АКБ Samsung A5 (2017) (EB-BA520ABE/EB-BJ530ABE) ""Kstati""";1550;;;;450;1537
АКБ;АКБ Xiaomi Redmi 5 BN35 HC;1500;;;;390;1473,4
АКБ;"АКБ Samsung S6 Edge (EB-BG925ABE) ""Sky Blue""";1350;;;;250;1325
АКБ;АКБ Samsung G360H/G361F Core Prime (EB-BG360CBC/EB-BG360BBE) HC;1500;;;;390;1473,4
АКБ;"АКБ Samsung N950F Note 8 (EB-BN950ABE) ""Kstati""";1450;;;;350;1431
АКБ;"АКБ iPhone 6 ""Kstati"" усиленная 2300 mAh";1700;;;;590;1685,4
АКБ;АКБ iPhone 13 Mini Original;3200;;;;2000,00;3180
АКБ;АКБ iPhone X HC;1900;;;;750;1855
АКБ;"АКБ Nokia X BN-01 ""Sky Blue""";1150;;;;50;1113
АКБ;"АКБ Samsung S10 (EB-BG973ABU) ""Kstati""";1550;;;;450;1537
АКБ;АКБ Samsung J1 Ace Neo (EB-BJ111ABE) HC;1350;;;;240;1314,4
АКБ;"АКБ iPhone 6S Plus ""Kstati"" усиленная 3700 mAh";1750;;;;650;1749
АКБ;АКБ Xiaomi MiPad 3 HC;1600;;;;500;1590
АКБ;"АКБ Xiaomi Redmi 5 BN35 ""Sky Blue""";1400;;;;290;1367,4
АКБ;"АКБ iPhone 8 Plus ""Kstati"" усиленная 3650 mAh";2050;;;;890;2003,4
АКБ;АКБ Samsung N950F Note 8 (EB-BN950ABE) HC;1450;;;;350;1431
АКБ;АКБ ASUS ZenFone Zoom ZX551ML C11P1507 HC;1350;;;;250;1325
АКБ;АКБ Huawei P30 (HB436380ECW) HC;1500;;;;390;1473,4
АКБ;АКБ Lenovo BL215 S960 HC;1350;;;;250;1325
АКБ;"АКБ Xiaomi Redmi 5 Plus BN44 ""Kstati""";1550;;;;450;1537
АКБ;АКБ Lenovo BL223 K920 Vibe Z2 Pro/K80 HC;1300;;;;190;1261,4
АКБ;АКБ Samsung S10 Plus (EB-BG975ABU) ''Kstati'';1550;;;;450;1537
АКБ;"АКБ iPhone 6S ""Kstati"" 1715 mAh";1600;;;;490;1579,4
АКБ;АКБ Huawei P40 (HB525777EEW) HC;1500;;;;390;1473,4
АКБ;"АКБ Xiaomi Redmi 3/Redmi 3S/Redmi 3 Pro/Redmi 4X BM47 ""Kstati""";1500;;;;400;1484
АКБ;"АКБ Samsung S6 (EB-BG920ABE) ""Kstati""";1450;;;;350;1431
АКБ;АКБ Nokia HE363 Nokia 8.1 HC;1150;;;;50;1113
АКБ;АКБ Nokia HE316/335 Nokia 6 HC;1450;;;;330;1409,8
АКБ;АКБ Samsung Tab A 10.1 (EB-BT585ABE) HC;1600;;;;490;1579,4
АКБ;АКБ iPhone 6 HC;1400;;;;290;1367,4
АКБ;АКБ Nokia BN-06 Lumia 430 HC;1150;;;;50;1113
АКБ;"АКБ iPhone XS ""Kstati"" 2658 mAh";1950;;;;800;1908
АКБ;АКБ Honor 7 (HB494590EBC) HC;1450;;;;330;1409,8
АКБ;"АКБ iPhone 7 ""Kstati"" усиленная 2300 mAh";1900;;;;790;1897,4
АКБ;АКБ ZTE Z9 mini (Li3829T44P6HA74140) HC;1350;;;;270;1346,2
АКБ;АКБ iPhone 6S HC;1550;;;;450;1537
АКБ;АКБ Samsung A5 (2016) (EB-BA510ABE) HC;1350;;;;250;1325
АКБ;АКБ Samsung S5830 Ace (EB494358VU) HC;1400;;;;290;1367,4
АКБ;АКБ iPhone SE Original;2000;;;;850;1961
АКБ;АКБ ASUS ZenFone 3 Deluxe ZS570KL C11P1603 HC;1300;;;;190;1261,4
АКБ;АКБ Lenovo BL216 K910 HC;1350;;;;260;1335,6
АКБ;АКБ Samsung A80 (EB-BA905ABU) HC;1450;;;;350;1431
АКБ;АКБ Honor 10 Lite/10i/20i/Huawei P Smart 2019 (HB396286ECW) HC;2000;;;;850;1961
АКБ;"АКБ Honor 8C/Huawei Y7 (2017)/Huawei Mate 9 (HB396689ECW) ""Kstati""";1700;;;;590;1685,4
АКБ;АКБ Samsung S4/Galaxy Grand 2 (B600BC/B600BE) ''Kstati'';1400;;;;290;1367,4
АКБ;АКБ Xiaomi Mi8 SE BM3D HC;1400;;;;290;1367,4
АКБ;АКБ Xiaomi Mi 10T Lite BM4W HC;1650;;;;510;1600,6
АКБ;"АКБ Samsung S8 Plus (EB-BG955ABA/EB-BG955ABE) ""Kstati""";1550;;;;450;1537
АКБ;"АКБ Samsung S7 Edge (EB-BG935ABE) ""Kstati""";1500;;;;390;1473,4
АКБ;АКБ iPhone SE (2020) Original;2100;;;;950;2067
АКБ;АКБ iPhone 7 Plus HC;1600;;;;490;1579,4
АКБ;"АКБ Samsung S5 mini (EB-BG800BBE) ""Kstati""";1400;;;;300;1378
АКБ;АКБ iPhone 8 HC;1550;;;;450;1537
АКБ;АКБ Samsung i9100/i9103/i9105/i9108 (EB-F1A2GBU) HC;1350;;;;250;1325
АКБ;"АКБ iPhone 5S/5C ""Kstati"" 1560 mAh";1450;;;;350;1431
АКБ;АКБ Samsung Tab S2 9.7 (EB-BT810ABE) HC;1550;;;;430;1515,8
АКБ;"АКБ Samsung S9 (EB-BG960ABE) ""Kstati""";1600;;;;500;1590
АКБ;АКБ Samsung J5 (2016) (EB-BJ510CBC) HC;1450;;;;350;1431
АКБ;"АКБ ASUS ZenFone 4.5"" A450CG C11P1403 HC";1300;;;;180;1250,8
АКБ;"АКБ iPhone SE ""Kstati""";1600;;;;490;1579,4
АКБ;"АКБ iPhone XR ""Kstati"" 2942 mAh";1900;;;;790;1897,4
АКБ;АКБ Samsung J600F J6 (2018) (EB-BJ800ABE) HC;1400;;;;290;1367,4
АКБ;"АКБ Samsung S3/Galaxy Grand (EB-L1G6LLU) ""Kstati""";1450;;;;350;1431
АКБ;"АКБ Samsung S10E (EB-BG970ABU) ""Kstati""";1550;;;;450;1537
АКБ;АКБ Huawei Nova 2 (HB366179ECW) HC;1450;;;;350;1431
АКБ;"АКБ Huawei Nova 2 (HB366179ECW) ""Kstati""";1500;;;;390;1473,4
АКБ;АКБ Samsung J1 (EB-BJ100CBE/EB-BJ100BBE) HC;1400;;;;290;1367,4
АКБ;"АКБ Samsung S6 Edge (EB-BG925ABE) ""Kstati""";1550;;;;450;1537
АКБ;"АКБ iPhone X ""Kstati"" усиленная 3100 mAh";2150;;;;990;2109,4
АКБ;АКБ ASUS ZenFone 3 Ultra ZU680KL C11P1516 HC;1350;;;;250;1325
АКБ;АКБ Honor 6 Plus (HB4547B6EBC) HC;1350;;;;240;1314,4
АКБ;"АКБ Honor 9/Honor 9 Premium/Huawei P10 (HB386280ECW) ""Sky Blue""";1400;;;;290;1367,4
АКБ;АКБ Samsung Tab S2 8.0 (EB-BT710ABA) HC;1550;;;;430;1515,8
АКБ;АКБ Xiaomi Redmi Note 4X BN43 HC;1550;;;;450;1537
АКБ;АКБ OnePlus 3T BLP633 HC;1750;;;;650;1749
АКБ;АКБ Nokia HE321/336 Nokia 5/5.1/3.1 Original;1450;;;;350;1431
АКБ;АКБ Nokia BP-4GW Lumia 920 HC;1150;;;;50;1113
АКБ;"АКБ Samsung J3 (2016) (EB-BG530BBC) ""Kstati""";1450;;;;350;1431
АКБ;АКБ Xiaomi Redmi Note 7/Note 7 Pro BN4A ''Kstati'';1550;;;;450;1537
АКБ;АКБ Samsung Tab S3 9.7 (EB-BT825ABE) HC;1550;;;;440;1526,4
АКБ;"АКБ Xiaomi Redmi 5A BN34 ""Kstati""";1450;;;;350;1431
АКБ;АКБ Samsung S7 Edge (EB-BG935ABE) HC;1450;;;;350;1431
АКБ;АКБ Nokia BV-5XW Lumia 1020 HC;1150;;;;50;1113
АКБ;АКБ Samsung S7 (EB-BG930ABE) HC;1450;;;;350;1431
АКБ;АКБ iPhone 8 Original;2100;;;;950;2067
АКБ;АКБ Nokia BV-4BWA Lumia 1320 HC;1150;;;;50;1113
АКБ;"АКБ iPhone 7 ""Kstati"" 1960 mAh";1650;;;;550;1643
АКБ;"АКБ iPhone 7 Plus ""Kstati"" усиленная 3650 mAh";1800;;;;690;1791,4
АКБ;"АКБ Xiaomi Mi5 BM22 ""Sky Blue""";1350;;;;250;1325
АКБ;"АКБ Samsung S7 (EB-BG930ABE) ""Kstati""";1550;;;;450;1537
АКБ;АКБ Honor View 10/Honor 8X/9X Lite/Honor 20 (HB386590ECW) ''Kstati'';1700;;;;590;1685,4
АКБ;АКБ iPhone SE HC;1450;;;;350;1431
АКБ;АКБ Huawei Nova 5/Nova 5P (HB396589ECW) HC;1550;;;;450;1537
АКБ;АКБ Honor 7X/20S/Nova 2 Plus/Nova 2i/P30 Lite (HB356687ECW) ''GSM'';2150;;;;990;2109,4
АКБ;АКБ Samsung S3/Galaxy Grand (EB-L1G6LLU) HC;1400;;;;290;1367,4
АКБ;АКБ Nokia HE338 Nokia 2/2.1 Original;1450;;;;350;1431
АКБ;АКБ Huawei P40 Lite/Mate 30 (HB486586ECW) HC;1650;;;;550;1643
АКБ;"АКБ iPhone 6 Plus ""Kstati"" 2915 mAh";1600;;;;490;1579,4
АКБ;АКБ Nokia BP-6EW Lumia 900 HC;1150;;;;50;1113
АКБ;АКБ Samsung A10/A7 (2018) (EB-BA750ABU) Original;1900;;;;790;1897,4
АКБ;АКБ iPhone 5S/5C HC;1400;;;;290;1367,4
АКБ;"АКБ iPhone 6S Plus ""Kstati"" 2750 mAh";1650;;;;550;1643
АКБ;АКБ универсальный 043048P  (4*30*48mm, 700 mAh);1350;;;;270;1346,2
АКБ;АКБ Samsung Tab A 9.7 (EB-BT550AEB) HC;1600;;;;500;1590
АКБ;АКБ Xiaomi Mi Play BN39 HC;1450;;;;350;1431
АКБ;"АКБ Xiaomi Redmi 6/6A BN37 ""Kstati""";1450;;;;350;1431
АКБ;АКБ iPhone 8 Plus HC;1600;;;;490;1579,4
АКБ;Ячейка (банка) АКБ iPhone 12/12 Pro 1кл;2050;;;;900;2014
АКБ;"АКБ Samsung S7 Edge (EB-BG935ABE) ""Sky Blue""";1300;;;;200;1272
АКБ;АКБ Honor 20 Pro/View 20/Huawei Mate 10/Mate 10 Pro/Mate 20/P20 Pro (HB436486ECW) ''Kstati'';1700;;;;590;1685,4
АКБ;АКБ Samsung S10E (EB-BG970ABU) HC;1500;;;;400;1484
АКБ;АКБ Honor 5X/G8/G7 Plus/Y6 II (HB396481EBC) HC;1500;;;;390;1473,4
АКБ;"АКБ Samsung J1 Ace Neo (EB-BJ111ABE) ""Sky Blue""";1200;;;;130;1197,8
АКБ;"АКБ Xiaomi Redmi 4A BN30 ""Kstati""";1500;;;;390;1473,4
АКБ;АКБ универсальный 041010P  (4*10*10mm, 50 mAh);1350;;;;250;1325
АКБ;АКБ Honor 7X/20S/Nova 2 Plus/Nova 2i/P30 Lite (HB356687ECW) ''Kstati'';1650;;;;550;1643
АКБ;"АКБ Samsung J1 (2016) (EB-BJ120CBE) ""Kstati""";1500;;;;390;1473,4
АКБ;"АКБ Xiaomi Mi 5X/Mi A1/Redmi Note 5A BN31 ""Kstati""";1550;;;;450;1537
АКБ;АКБ Samsung S6 (EB-BG920ABE) HC;1400;;;;290;1367,4
АКБ;АКБ Nokia HE321/336 Nokia 5/5.1/3.1 HC;1450;;;;330;1409,8
АКБ;АКБ Lenovo BL194 A690 HC;1250;;;;170;1240,2
АКБ;АКБ Samsung S10 Plus (EB-BG975ABU) HC;1500;;;;390;1473,4
АКБ;АКБ iPhone 6S Original;1950;;;;820;1929,2
АКБ;"АКБ iPhone 7 Plus ""Kstati"" 2900 mAh";1650;;;;550;1643
АКБ;АКБ Samsung A5 (2016) (EB-BA510ABE) Original;1500;;;;400;1484
АКБ;АКБ Nokia HE319 Nokia 3 HC;1450;;;;330;1409,8
АКБ;АКБ Samsung S5 (EB-BG900BBC/EB-BG900BBU) HC;1450;;;;350;1431
АКБ;АКБ Samsung i9190/J110/i9192 (B500AE/B500BE/B500BU) HC;1450;;;;350;1431
АКБ;"АКБ Samsung S6 (EB-BG920ABE) ""Sky Blue""";1300;;;;190;1261,4
АКБ;"АКБ iPhone 8 Plus ""Kstati"" 2691 mAh";1800;;;;690;1791,4
АКБ;АКБ Honor 10 Lite/10i/20i/Huawei P Smart 2019 (HB396286ECW) ''Kstati'';1700;;;;590;1685,4
АКБ;АКБ Nokia HE319 Nokia 3 Original;1500;;;;390;1473,4
АКБ;АКБ iPhone 11 Pro Max Original;3050;;;;1850,00;3021
АКБ;АКБ Samsung A7 (2016) (EB-BA710ABE) Original;1500;;;;390;1473,4
АКБ;"АКБ iPhone 6 ""Kstati"" 1810 mAh";1500;;;;390;1473,4
АКБ;АКБ Honor 6/4X (HB4242B4EBW) HC;1550;;;;450;1537
АКБ;АКБ iPhone 7 Plus Original;2000;;;;850;1961
АКБ;АКБ Xiaomi Redmi Note 7/Note 7 Pro BN4A HC;1900;;;;790;1897,4
АКБ;АКБ Samsung i8530/i8550/i8552/i8558 (EB585157LU) HC;1350;;;;250;1325
АКБ;"АКБ Xiaomi Redmi Note 4X BN43 ""Kstati""";1650;;;;550;1643
АКБ;АКБ Samsung A5 (2017) (EB-BA520ABE/EB-BJ530ABE) HC;1450;;;;350;1431
АКБ;АКБ Nokia HE333 Nokia 8 Sirocco HC;1150;;;;50;1113
АКБ;АКБ Xiaomi Mi5s BM36 HC;1500;;;;410;1494,6
АКБ;АКБ Samsung J730 J7 (2017) (EB-BA720ABE) Original;1450;;;;350;1431
АКБ;АКБ Samsung Tab E 8.0 (EB-BT367ABA) HC;1500;;;;370;1452,2
АКБ;"АКБ Samsung A5 (2016) (EB-BA510ABE) ""Kstati""";1450;;;;350;1431
АКБ;АКБ Samsung A3 (2016) (EB-BA310ABE) Original;1450;;;;350;1431
АКБ;АКБ Samsung S9 Plus (EB-BG965ABA/EB-BG965ABE) Original;1900;;;;750;1855
АКБ;"АКБ Samsung A21S/A12/A12S (A12 Nacho)/A02 (EB-BA217ABY) ""Kstati""";1650;;;;550;1643
АКБ;АКБ Samsung A3 (2016) (EB-BA310ABE) HC;1300;;;;190;1261,4
АКБ;"АКБ iPhone 6 Plus ""Kstati"" усиленная 3700 mAh";1700;;;;590;1685,4
АКБ;АКБ Honor View 30/30 Pro (HB446589ECW) HC;1500;;;;390;1473,4
АКБ;"АКБ Samsung S5 (EB-BG900BBC/EB-BG900BBU) ""Kstati""";1400;;;;300;1378
АКБ;АКБ Samsung M205F M20/M305F M30 (EB-BG580ABU) HC;1450;;;;350;1431
АКБ;АКБ Lenovo BL211 P780 HC;1350;;;;250;1325
АКБ;АКБ Xiaomi Redmi Go BN3A HC;1500;;;;390;1473,4
АКБ;АКБ ASUS ZenFone 2 ZE500CL C11P1423 HC;1400;;;;320;1399,2
АКБ;АКБ Huawei P30 Pro/Mate 20 Pro (HB486486ECW) HC;1650;;;;550;1643
АКБ;АКБ iPhone XS Original;2400;;;;1250,00;2385
АКБ;"АКБ Samsung S10E (EB-BG970ABU) ""GSM""";2000;;;;850;1961
АКБ;АКБ Xiaomi Redmi 9T/Poco M3 BN62 HC;2050;;;;890;2003,4
АКБ;АКБ iPhone 11 ''GSM'';3100;;;;1890,00;3063,4
АКБ;АКБ iPhone X ''GSM'';2550;;;;1400,00;2544
АКБ;АКБ iPhone XS Max Original;2400;;;;1250,00;2385
АКБ;АКБ Honor 5C/6C Pro/7A Pro/9 Lite/9i/Huawei P9 (HB366481ECW) ''GSM'';2100;;;;950;2067
АКБ;АКБ iPhone 5S/5C Original;1900;;;;750;1855
АКБ;АКБ iPhone 12 Mini Original;3150;;;;1950,00;3127
АКБ;АКБ iPhone 7 ''GSM'';2350;;;;1200,00;2332
АКБ;АКБ Xiaomi Redmi 9T/Poco M3 BN62 ''GSM'';2150;;;;990;2109,4
АКБ;АКБ iPhone 11 Pro ''GSM'';3150;;;;1950,00;3127
АКБ;АКБ iPhone 12 Pro Max Original;3500;;;;2300,00;3498
АКБ;АКБ iPhone 8 ''GSM'';2300;;;;1150,00;2279
АКБ;АКБ iPhone 15 Pro Original 100% Б/У (Емкость 97-99%, около 150 циклов);5050;;;;3750,00;5035
АКБ;"АКБ iPad Air 9.7"" (2017)/9.7"" (2018)/10.2"" (2019)/iPad 5 (A1484) Original";2650;;;;1490,00;2639,4
АКБ;АКБ iPhone 12/12 Pro ''GSM'';3400;;;;2200,00;3392
АКБ;"АКБ Samsung A51 (EB-BA515ABY) ""GSM""";2100;;;;950;2067
АКБ;АКБ iPhone 13 Pro Original;3450;;;;2250,00;3445
АКБ;Ячейка (банка) АКБ iPhone XS Max 1кл;2150;;;;990;2109,4
АКБ;Ячейка (банка) АКБ iPhone 11 1кл;2100;;;;950;2067
АКБ;АКБ iPhone 13 Pro ''GSM'';3700;;;;2450,00;3657
АКБ;АКБ iPhone XR ''GSM'';2650;;;;1500,00;2650
АКБ;АКБ Honor 6A/6C/7A/7S/8A/8S/9SHuawei Y5 (2017) (HB405979ECW) HC;1900;;;;790;1897,4
АКБ;АКБ iPhone SE (2022) Original;2450;;;;1290,00;2427,4
АКБ;АКБ iPhone 11 Pro Max ''GSM'';3350;;;;2150,00;3339
АКБ;АКБ iPhone 14 Plus Original;3700;;;;2450,00;3657
АКБ;АКБ iPhone 14 Pro Max Original;4200;;;;2950,00;4187
АКБ;"АКБ ZTE A520 (Li3824T44P4h716043) ""Sky Blue""";1500;;;;390;1473,4
АКБ;АКБ iPhone 8 Plus Original;2150;;;;990;2109,4
АКБ;Ячейка (банка) АКБ iPhone 13 Pro Max 1кл;2350;;;;1200,00;2332
АКБ;АКБ iPad MINI (2019)/iPad MINI 5 Original;2000;;;;850;1961
АКБ;АКБ iPhone 15 Original 100% Б/У (Емкость 97-99%, около 150 циклов);4050;;;;2800,00;4028
АКБ;АКБ Samsung S7 Edge (EB-BG935ABE) Original;1900;;;;750;1855
АКБ;Ячейка (банка) АКБ iPhone XS 1кл;2150;;;;990;2109,4
АКБ;АКБ Realme C15/C25/C25s/Narzo 30A/50A (BLP793) HC;2000;;;;850;1961
АКБ;АКБ Xiaomi Redmi 7/Redmi Note 8/Redmi Note 8 2021/Redmi Note 8T BN46 HC;1900;;;;790;1897,4
АКБ;Ячейка (банка) АКБ iPhone 13 Pro 1кл;2350;;;;1200,00;2332
АКБ;АКБ Samsung S23 Ultra (EB-BS918ABY) Original;1900;;;;790;1897,4
АКБ;Ячейка (банка) АКБ iPhone 11 Pro 1кл;2250;;;;1100,00;2226
АКБ;АКБ Samsung A22S 5G/A04 (SCUD-WT-W1) Original;2000;;;;850;1961
АКБ;АКБ универсальный 564050P  (5.6*40*50mm, 1800 mAh);1400;;;;290;1367,4
АКБ;АКБ AirPods Pro правая HC;1650;;;;550;1643
АКБ;АКБ iPhone 15 Pro Max Original 100% Б/У (Емкость 97-99%, около 150 циклов);5250;;;;3950,00;5247
АКБ;"АКБ Xiaomi Redmi Note 3/Note 3 Pro BM46 ""Kstati""";1750;;;;650;1749
АКБ;АКБ Xiaomi Mi 9T/Redmi K20 BP41 HC;1900;;;;790;1897,4
АКБ;АКБ Xiaomi Redmi Note 10 Pro/Redmi Note 9 Pro 4G BN53 ''GSM'';2250;;;;1100,00;2226
АКБ;АКБ iPhone 14 Original;3700;;;;2450,00;3657
АКБ;АКБ Samsung A015 A01 (QL1695) HC;1800;;;;690;1791,4
АКБ;АКБ Xiaomi Mi 9 SE BM3M HC;1900;;;;750;1855
АКБ;АКБ универсальный 043759P  (4*37*59mm, 1100 mAh);1400;;;;290;1367,4
АКБ;АКБ Xiaomi Redmi Note 10 Pro/Redmi Note 9 Pro 4G BN53 HC;2100;;;;950;2067
АКБ;АКБ Xiaomi Mi6 BM39 HC;1800;;;;690;1791,4
АКБ;АКБ iPad 3/iPad 4 (A1389) Original;2650;;;;1490,00;2639,4
АКБ;АКБ Xiaomi Redmi 4/4 Prime BN42 HC;1750;;;;650;1749
АКБ;"АКБ Samsung S8 Plus (EB-BG955ABA/EB-BG955ABE) ""GSM""";2100;;;;950;2067
АКБ;АКБ универсальный 042035P  (4*20*35mm, 350 mAh);1350;;;;270;1346,2
АКБ;АКБ Xiaomi Mi 11 BM4X HC;2050;;;;890;2003,4
АКБ;АКБ Samsung A70 (EB-BA705ABU) HC;1800;;;;690;1791,4
АКБ;АКБ Samsung A5 (2017) (EB-BA520ABE/EB-BJ530ABE) Original;1800;;;;690;1791,4
АКБ;АКБ Nokia BP-4L, 1500 mAh HC;1450;;;;330;1409,8
АКБ;АКБ Samsung S21 (EB-BG991ABY) Original;1900;;;;790;1897,4
АКБ;АКБ Xiaomi Mi8 Lite BM3J HC;1900;;;;750;1855
АКБ;АКБ Samsung S23 (EB-BS912ABY) Original;1900;;;;790;1897,4
АКБ;АКБ Infinix Note 10 Pro/Note 11 Pro/Note 11S/Hot 30 4G/Hot 40/Hot 40 Pro (BL-49JX) HC;2000;;;;850;1961
АКБ;АКБ Samsung S20 (EB-BG980ABY) HC;1450;;;;350;1431
АКБ;АКБ Xiaomi Redmi Note 8 Pro BM4J HC;1900;;;;790;1897,4
АКБ;АКБ Nokia BL-4D 1150mAh HC;1450;;;;330;1409,8
АКБ;АКБ универсальный 046365P (4*63*65mm, 2200 mAh);1400;;;;300;1378
АКБ;АКБ Samsung A20/A30/A50/A30S/A50S (EB-BA-205ABN/EB-BA505ABU) Original;2000;;;;850;1961
АКБ;АКБ универсальный 046090P (4*60*90mm, 3500 mAh);1400;;;;300;1378
АКБ;АКБ Samsung S9 (EB-BG960ABE) Original;1900;;;;750;1855
АКБ;АКБ iPhone 11 Pro ''Kstati'';2750;;;;1590,00;2745,4
АКБ;АКБ универсальный 041015P  (4*10*15mm, 150 mAh);1350;;;;250;1325
АКБ;АКБ Honor 10X Lite/P Smart 2021 (HB526488EEW) HC;2000;;;;850;1961
АКБ;АКБ Honor 6X/Huawei Nova Plus/Mate 9 Lite/GR5 (2017) (HB386483ECW+) HC;1900;;;;750;1855
АКБ;АКБ Xiaomi Redmi Note 6 Pro BN48 HC;1900;;;;750;1855
АКБ;АКБ Honor 20 Pro/View 20/Huawei Mate 10/Mate 10 Pro/Mate 20/P20 Pro (HB436486ECW) ''GSM'';2150;;;;990;2109,4
АКБ;АКБ универсальный 046590P (4*65*90mm, 3500 mAh);1400;;;;300;1378
АКБ;АКБ Samsung S23 Plus (EB-BS916ABY) Original;1900;;;;790;1897,4
АКБ;АКБ универсальный 042020P  (4*20*20mm, 300 mAh);1350;;;;270;1346,2
АКБ;АКБ Samsung Tab A 8.0'' 2019 Wi-Fi T290/LTE T295 (SWD-WT-N8) HC;1900;;;;790;1897,4
АКБ;АКБ AirPods Pro левая HC;1650;;;;550;1643
АКБ;АКБ iPhone 6 Original;1800;;;;690;1791,4
АКБ;АКБ Xiaomi Redmi 6/6A BN37 HC;1750;;;;650;1749
АКБ;АКБ универсальный 377093P (3.7*70*93mm, 3500 mAh);1550;;;;450;1537
АКБ;АКБ Xiaomi Poco F3 BM4Y ''GSM'';2100;;;;950;2067
АКБ;АКБ Watch Series 5 44 mm Original;1900;;;;750;1855
АКБ;АКБ Xiaomi Redmi Note 10T/Redmi 10/Poco M3 Pro BN5A HC;1900;;;;790;1897,4
АКБ;АКБ Xiaomi Poco C40 BN66 HC;2100;;;;950;2067
АКБ;АКБ Xiaomi Mi 10T/Mi 10T Pro BM53 HC;2100;;;;950;2067
АКБ;АКБ универсальный 045050P  (4*50*50mm, 1800 mAh);1400;;;;290;1367,4
АКБ;АКБ Samsung N970F/N971F/N971N Note 10 (EB-BN970ABU) Original;1900;;;;750;1855
АКБ;АКБ Samsung A013F A01 Core (EB-BA013ABY) HC;1800;;;;690;1791,4
АКБ;АКБ универсальный 3450122P  (3.4*50*122mm, 3500 mAh);1400;;;;290;1367,4
АКБ;АКБ Samsung J710F J7 (2016) (EB-BJ710CBE) HC;1900;;;;750;1855
АКБ;АКБ универсальный 3555140P  (3.5*55*140mm, 3500 mAh);1400;;;;290;1367,4
АКБ;АКБ iPhone 13 Pro Max ''GSM'';3900;;;;2650,00;3869
АКБ;АКБ AirPods 1/2 HC;1800;;;;690;1791,4
АКБ;АКБ Watch Series 6 44mm Original;1900;;;;750;1855
АКБ;АКБ Xiaomi Redmi 4 Pro BN40 HC;1750;;;;650;1749
АКБ;АКБ Samsung A02S/A03S (HQ-50S) Original;1900;;;;790;1897,4
АКБ;АКБ iPhone 4 Original;1450;;;;360;1441,6
АКБ;АКБ Xiaomi Mi5 BM22 HC;1700;;;;590;1685,4
АКБ;Ячейка (банка) АКБ iPhone 14 Pro 1кл;2500;;;;1350,00;2491
АКБ;АКБ универсальный 3080110P  (3*80*110mm, 6000 mAh);1550;;;;450;1537
АКБ;АКБ Realme 9 Pro/9i (BLP911) HC;2000;;;;850;1961
АКБ;АКБ iPhone 14 Original 100% Б/У (Емкость 97-99%, около 150 циклов);3650;;;;2400,00;3604
АКБ;АКБ Xiaomi Redmi 9/Redmi Note 9 BN54 ''GSM'';2100;;;;950;2067
АКБ;АКБ Tecno Spark 7 (BL-58CT) HC;1900;;;;790;1897,4
АКБ;АКБ Xiaomi Redmi Note 8 Pro BM4J ''GSM'';2100;;;;950;2067
АКБ;АКБ универсальный 040910P (4*9*10mm, 35 mAh);1300;;;;190;1261,4
АКБ;АКБ Xiaomi Redmi Note 7/Note 7 Pro BN4A ''GSM'';2100;;;;950;2067
АКБ;"АКБ Samsung S8 (EB-BG950ABA/EB-BG950ABE) ""GSM""";2100;;;;950;2067
АКБ;АКБ Samsung A21S/A12/A12S (A12 Nacho)/A02 (EB-BA217ABY) Original;2000;;;;850;1961
АКБ;АКБ Samsung J1 (2016) (EB-BJ120CBE) HC;1750;;;;650;1749
АКБ;АКБ Xiaomi Redmi Note 11S 5G/Poco M4 Pro 5G BN5C HC;2250;;;;1100,00;2226
АКБ;АКБ универсальный 046575P (4*65*75mm, 3000 mAh);1400;;;;300;1378
АКБ;"АКБ Honor 4A/5A/Huawei Y6/Y5 II (HB4342A1RBC) ""Kstati""";1750;;;;650;1749
АКБ;АКБ Nokia BL-4CT, 850 mAh HC;1450;;;;330;1409,8
АКБ;АКБ Nokia BL-5B, 890 mAh HC;1400;;;;310;1388,6
АКБ;АКБ iPhone 12 Mini ''Kstati'';2850;;;;1650,00;2809
АКБ;АКБ iPhone 12 Pro Max ''GSM'';3350;;;;2150,00;3339
АКБ;АКБ Xiaomi Redmi 9A/9C/Redmi A1/Redmi A1+/Poco C31/Poco M2/Poco M2 Pro/Poco C3 BN56 ''GSM'';2100;;;;950;2067
АКБ;АКБ универсальный 040820P (4*8*20mm, 200 mAh);1300;;;;180;1250,8
АКБ;АКБ Xiaomi Redmi 5A BN34 HC;1750;;;;650;1749
АКБ;АКБ Samsung A03/A14 4G (HQ-50SD) HC;1800;;;;690;1791,4
АКБ;АКБ Samsung A41 (EB-BA415ABY) HC;1900;;;;790;1897,4
АКБ;"АКБ Huawei MediaPad M5 Lite 8.4"" HC";1900;;;;750;1855
АКБ;АКБ Samsung J3 (2017) (EB-BJ330ABE) Original;1750;;;;650;1749
АКБ;АКБ Samsung S10E (EB-BG970ABU) Original;1900;;;;790;1897,4
АКБ;АКБ iPad MINI4 Original;2100;;;;950;2067
АКБ;АКБ Samsung A115F A11 (HQ-70N) Original;1900;;;;790;1897,4
АКБ;АКБ Samsung S20 Plus (EB-BG985ABY) ''GSM'';2100;;;;950;2067
АКБ;АКБ iPhone 13 Pro Max Original;3600;;;;2350,00;3551
АКБ;АКБ универсальный 3766125P  (3.7*66*125mm, 5000 mAh);1550;;;;450;1537
АКБ;АКБ iPhone 6S Plus Original;2000;;;;850;1961
АКБ;АКБ iPhone 11 ''Kstati'';2550;;;;1400,00;2544
АКБ;АКБ Honor 9A/Huawei Y6P (HB526489ECW) ''Kstati'';2000;;;;850;1961
АКБ;АКБ Honor X8 (HB416492EFW) HC;2100;;;;950;2067
АКБ;АКБ универсальный 0470110P  (4*70*110mm, 5000 mAh);1450;;;;350;1431
АКБ;АКБ iPhone 13 ''GSM'';3600;;;;2350,00;3551
АКБ;АКБ Xiaomi Mi 9 BM3L HC;1900;;;;750;1855
АКБ;АКБ Samsung A40 (2019) (EB-BA405ABE) Original;1950;;;;820;1929,2
АКБ;Ячейка (банка) АКБ iPhone 12 Mini 1кл;2100;;;;950;2067
АКБ;АКБ Honor 7X/20S/Nova 2 Plus/Nova 2i/P30 Lite (HB356687ECW) HC;2050;;;;890;2003,4
АКБ;АКБ iPhone 14 Pro Original;4100;;;;2850,00;4081
АКБ;АКБ iPhone XS ''GSM'';2600;;;;1450,00;2597
АКБ;АКБ Samsung A33 5G/A53 5G (EB-BA536ABY) Original;1950;;;;820;1929,2
АКБ;АКБ Samsung L700/S5600/S3650/S5292 (AB463651BE) HC;1550;;;;450;1537
АКБ;АКБ Samsung A10s/A20s (SCUD-WT-N6) Original;1900;;;;790;1897,4
АКБ;АКБ Samsung A10s/A20s (SCUD-WT-N6) HC;1800;;;;690;1791,4
АКБ;АКБ Tecno Pova 4/Pouvoir 4 (BL-58BT) HC;1900;;;;790;1897,4
АКБ;АКБ Honor 20 Pro/View 20/Huawei Mate 10/Mate 10 Pro/Mate 20/P20 Pro (HB436486ECW) HC;1900;;;;750;1855
АКБ;АКБ Samsung N950F Note 8 (EB-BN950ABE) Original;1800;;;;690;1791,4
АКБ;АКБ универсальный 041230P  (4*12*30mm, 300 mAh);1350;;;;250;1325
АКБ;АКБ Samsung A52/S20 FE (EB-BG781ABY) ''GSM'';2100;;;;950;2067
АКБ;АКБ Samsung A31/A32/A22 (EB-BA315ABY) HC;1850;;;;720;1823,2
АКБ;АКБ Samsung J5 (2016) (EB-BJ510CBC) Original;1750;;;;650;1749
АКБ;Ячейка (банка) АКБ iPhone 12 Pro Max 1кл;2250;;;;1100,00;2226
АКБ;АКБ универсальный 0470100P  (4*70*100mm, 3800 mAh);1450;;;;350;1431
АКБ;АКБ iPad MINI Original;2100;;;;950;2067
АКБ;АКБ Xiaomi Redmi Note 10/Redmi Note 10S BN59 ''GSM'';2350;;;;1200,00;2332
АКБ;АКБ Samsung A8+ (2018) (EB-BA730ABE) HC;1750;;;;650;1749
АКБ;АКБ Samsung M307F M30s/M215F M21/M315F M31/M127F M12 (2020) (EB-BM207ABY) Original;2000;;;;850;1961
АКБ;АКБ Xiaomi Poco F3 BM4Y HC;2100;;;;950;2067
АКБ;АКБ Samsung G530H/J250/J320/J500 (EB-BG530CBE) HC;1750;;;;650;1749
АКБ;АКБ универсальный 045565P (4*55*65mm, 2200 mAh);1400;;;;300;1378
АКБ;Ячейка (банка) АКБ iPhone XR 1кл;2100;;;;950;2067
АКБ;АКБ Samsung A03 Core (SLC-50) Original;1900;;;;790;1897,4
АКБ;АКБ Samsung A23/A73 5G/M23 5G/M33 5G/M52 5G/M53 5G (EB-BM526ABY) HC;1900;;;;750;1855
АКБ;АКБ универсальный 802030P (8*20*30mm, 700 mAh);1350;;;;250;1325
АКБ;АКБ Samsung S10 Plus (EB-BG975ABU) Original;1900;;;;790;1897,4
АКБ;АКБ Nokia BL-4UL Asha 225 HC;1550;;;;420;1505,2
АКБ;АКБ Samsung N770F Note 10 Lite (EB-BN770ABY) HC;1700;;;;590;1685,4
АКБ;АКБ Xiaomi Mi 11T BM59 HC;2400;;;;1250,00;2385
АКБ;АКБ Samsung A52/S20 FE (EB-BG781ABY) Original;2050;;;;890;2003,4
АКБ;АКБ Xiaomi Mi 5X/Mi A1/Redmi Note 5A BN31 HC;1800;;;;690;1791,4
АКБ;АКБ Samsung A51 (EB-BA515ABY) HC;1800;;;;690;1791,4
АКБ;АКБ Samsung A71 (EB-BA715ABY) Original;2000;;;;850;1961
АКБ;АКБ Xiaomi Redmi 8/8A BN51 HC;1900;;;;790;1897,4
АКБ;АКБ Nokia BL-4C, 890 mAh HC;1450;;;;330;1409,8
АКБ;АКБ Nokia BP-5M, 850 mAh HC;1450;;;;330;1409,8
АКБ;"АКБ Xiaomi Redmi 5 BN35 ""Kstati""";1450;;;;350;1431
АКБ;АКБ универсальный 041012P  (4*10*12mm, 140 mAh);1350;;;;250;1325
АКБ;АКБ iPhone 7 Plus ''GSM'';2300;;;;1150,00;2279
АКБ;АКБ Samsung M515F M51 (EB-BM415ABY) HC;1900;;;;750;1855
АКБ;АКБ Samsung S22 Plus (EB-BS906ABY) Original;1900;;;;790;1897,4
АКБ;АКБ универсальный 3970125P  (3.9*70*125mm, 6000 mAh);1550;;;;450;1537
АКБ;АКБ Samsung S20 Ultra (EB-BG988ABY) HC;1800;;;;690;1791,4
АКБ;АКБ универсальный 041235P  (4*12*35mm, 350 mAh);1350;;;;250;1325
АКБ;АКБ Samsung S10 Plus (EB-BG975ABU) ''GSM'';2000;;;;850;1961
АКБ;АКБ универсальный 30110150P  (3*110*150mm, 8000 mAh);1550;;;;450;1537
АКБ;АКБ универсальный 404050P  (4*40*50mm, 1200 mAh);1400;;;;290;1367,4
АКБ;АКБ Huawei Y8P/Honor 30i (HB426489EEW) HC;1900;;;;750;1855
АКБ;АКБ универсальный 042030P  (4*20*30mm, 320 mAh);1350;;;;270;1346,2
АКБ;АКБ Samsung A03/A14 4G (HQ-50SD) Original;1900;;;;790;1897,4
АКБ;АКБ iPhone 12 Pro Max ''Kstati'';3150;;;;1950,00;3127
АКБ;АКБ Xiaomi Redmi 7A BN49 HC;1750;;;;650;1749
АКБ;Ячейка (банка) АКБ iPhone 14 1кл;2250;;;;1100,00;2226
АКБ;АКБ Samsung J4 Plus (2018)/J6 Plus (2018) (EB-BG610ABE) HC;1900;;;;750;1855
АКБ;АКБ Samsung J3 (2017) (EB-BJ330ABE) HC;1650;;;;550;1643
АКБ;АКБ Nokia BL-5CT 1050 mAh HC;1450;;;;350;1431
АКБ;АКБ iPhone 6 Plus Original;1900;;;;750;1855
АКБ;АКБ Xiaomi Mi A3/Mi 9 Lite/Mi CC9 BM-4F HC;1900;;;;790;1897,4
АКБ;АКБ универсальный 041225P  (4*12*25mm, 200 mAh);1350;;;;250;1325
АКБ;АКБ iPad Air 2 Original;2650;;;;1490,00;2639,4
АКБ;АКБ Samsung Tab 4 10.1'' Wi-Fi T530/3G T531/LTE T535 (EB-BT530FBE) HC;2000;;;;850;1961
АКБ;АКБ Tecno Camon 19 Pro (BL-49MT) HC;1900;;;;790;1897,4
АКБ;"АКБ Samsung S9 Plus (EB-BG965ABA/EB-BG965ABE) ""GSM""";2100;;;;950;2067
АКБ;Ячейка (банка) АКБ iPhone 11 Pro Max 1кл;2250;;;;1100,00;2226
АКБ;Ячейка (банка) АКБ iPhone 13 Mini 1кл;2150;;;;990;2109,4
АКБ;АКБ Samsung S22 (EB-BS901ABY) Original;1900;;;;790;1897,4
АКБ;АКБ универсальный 045085P (4*50*85mm, 2500 mAh);1400;;;;300;1378
АКБ;АКБ Honor 4A/5A/Huawei Y6/Y5 II (HB4342A1RBC) HC;1650;;;;550;1643
АКБ;АКБ универсальный 3046113P (3*46*113mm, 3000 mAh);1400;;;;290;1367,4
АКБ;АКБ Samsung S8 (EB-BG950ABA/EB-BG950ABE) Original;1900;;;;750;1855
АКБ;АКБ Samsung i8160/J1 mini (EB425161LU) HC;1650;;;;550;1643
АКБ;АКБ Samsung S22 Ultra (EB-BS908ABY) Original;1900;;;;790;1897,4
АКБ;АКБ Samsung Tab A7 Lite 8.7'' Wi-Fi T220/LTE T225 (HQ-3565S) HC;1900;;;;790;1897,4
АКБ;АКБ Samsung S20 Plus (EB-BG985ABY) Original;1900;;;;790;1897,4
АКБ;АКБ Xiaomi Redmi 5 Plus BN44 HC;1700;;;;590;1685,4
АКБ;АКБ универсальный 045060P (4*50*60mm, 2000 mAh);1400;;;;290;1367,4
АКБ;АКБ Samsung A20/A30/A50/A30S/A50S (EB-BA-205ABN/EB-BA505ABU) HC;1900;;;;790;1897,4
АКБ;АКБ iPhone 13 Mini ''GSM'';3450;;;;2250,00;3445
АКБ;АКБ Honor 10/Huawei P20 (HB396285ECW) ''GSM'';2150;;;;990;2109,4
АКБ;АКБ Xiaomi Redmi Note 9S BN55 HC;2000;;;;850;1961
АКБ;АКБ iPad Pro 11 (2018) Original;3850;;;;2590,00;3805,4
АКБ;АКБ Samsung G355H Core 2 (EB-BG355BBE) HC;1350;;;;250;1325
АКБ;АКБ Xiaomi Mi Mix 3 BM3K HC;1900;;;;750;1855
АКБ;АКБ iPhone 5 Original;1600;;;;490;1579,4
АКБ;АКБ Tecno Camon 17P/18/12/19 Neo/Spark 9 Pro (BL-49GT) HC;1900;;;;790;1897,4
АКБ;АКБ iPhone 12/12 Pro ''Kstati'';2950;;;;1750,00;2915
АКБ;АКБ iPad MINI2/MINI3 Original;2100;;;;950;2067
АКБ;АКБ Xiaomi Mi 11 Lite/Mi 11 Lite 5G NE BP42 ''GSM'';2150;;;;1000,00;2120
АКБ;АКБ Samsung A31/A32/A22 (EB-BA315ABY) Original;2000;;;;850;1961
АКБ;АКБ iPhone 4S Original;1450;;;;360;1441,6
АКБ;АКБ iPhone XS Max ''GSM'';2600;;;;1450,00;2597
АКБ;АКБ Xiaomi Redmi Note 5/Note 5 Pro BN45 HC;1700;;;;590;1685,4
АКБ;"АКБ Samsung S9 (EB-BG960ABE) ""GSM""";2100;;;;950;2067
АКБ;АКБ Samsung A7 (2017) (EB-BA720ABE) Original;1750;;;;650;1749
АКБ;АКБ Xiaomi Redmi Note 11/Redmi Note 11S 4G/Poco M4 Pro 4G BN5D HC;2250;;;;1100,00;2226
АКБ;АКБ Watch Series 4 44 mm Original;2000;;;;850;1961
АКБ;АКБ Samsung S20 (EB-BG980ABY) ''GSM'';2100;;;;950;2067
АКБ;АКБ Samsung S6 Edge (EB-BG925ABE) Original;1700;;;;590;1685,4
АКБ;АКБ Samsung A10/A7 (2018) (EB-BA750ABU) HC;1800;;;;690;1791,4
АКБ;АКБ Samsung N980F Note 20 (EB-BN980ABY) Original;1900;;;;790;1897,4
АКБ;АКБ Tecno Camon 19 (BL-49LT) HC;1900;;;;790;1897,4
АКБ;АКБ универсальный 3555130P (3.5*55*130mm, 4000 mAh);1400;;;;290;1367,4
АКБ;АКБ Samsung A72/M22/M32 (EB-BA426ABY) HC;1900;;;;750;1855
АКБ;"АКБ Samsung S10 (EB-BG973ABU) ""GSM""";2000;;;;850;1961
АКБ;АКБ Samsung A71 (EB-BA715ABY) HC;1800;;;;690;1791,4
АКБ;АКБ Samsung A40 (2019) (EB-BA405ABE) HC;1900;;;;750;1855
АКБ;АКБ Xiaomi Mi 6X/Mi A2 BN36 HC;1900;;;;750;1855
АКБ;АКБ Watch Series 6 40mm Original;1900;;;;750;1855
АКБ;АКБ Samsung A31/A32/A22 (EB-BA315ABY) ''GSM'';2100;;;;950;2067
АКБ;АКБ Xiaomi Redmi 9/Redmi Note 9 BN54 HC;2000;;;;850;1961
АКБ;АКБ Xiaomi Mi A2 Lite/Redmi 6 Pro BN47 HC;1900;;;;790;1897,4
АКБ;АКБ Samsung A03 Core (SLC-50) HC;1800;;;;690;1791,4
АКБ;АКБ универсальный 502030P (5*20*30mm, 500 mAh);1350;;;;250;1325
АКБ;АКБ Samsung A8 (2018) (EB-BA530ABE) HC;1750;;;;650;1749
АКБ;АКБ универсальный 044555P (4*45*55mm, 1800 mAh);1400;;;;290;1367,4
АКБ;АКБ Samsung G530H/J250/J320/J500 (EB-BG530CBE) Original;1900;;;;750;1855
АКБ;АКБ Samsung S20 (EB-BG980ABY) Original;1900;;;;790;1897,4
АКБ;АКБ универсальный 047585P (4*75*85mm, 3500 mAh);1450;;;;350;1431
АКБ;АКБ Samsung A52/S20 FE (EB-BG781ABY) HC;1900;;;;790;1897,4
АКБ;АКБ Watch Series 3 42 mm Original;1600;;;;490;1579,4
АКБ;АКБ Samsung A6+ (2018)/J8+ 2018 (EB-BJ805ABE) HC;1750;;;;650;1749
АКБ;АКБ Honor 9A/Huawei Y6P (HB526489ECW) HC;1900;;;;750;1855
АКБ;АКБ универсальный 3455122P  (3.4*55*122mm, 3500 mAh);1400;;;;290;1367,4
АКБ;АКБ Samsung A115F A11 (HQ-70N) HC;1800;;;;690;1791,4
АКБ;АКБ Samsung A22S 5G/A04 (SCUD-WT-W1) HC;1900;;;;790;1897,4
АКБ;АКБ Samsung M015F M01 (SM-M015F) HC;1750;;;;650;1749
АКБ;АКБ универсальный 046570P (4*65*70mm, 3000 mAh);1400;;;;300;1378
АКБ;АКБ Samsung M307F M30s/M215F M21/M315F M31/M127F M12 (2020) (EB-BM207ABY) HC;1800;;;;690;1791,4
АКБ;АКБ Xiaomi Redmi Note 3/Note 3 Pro BM46 HC;1700;;;;590;1685,4
АКБ;АКБ универсальный 032323P  (3*23*23mm, 300 mAh);1300;;;;200;1272
АКБ;АКБ Samsung N960U Note 9 (EB-BN965ABU) HC;1900;;;;750;1855
АКБ;АКБ Samsung A21S/A12/A12S (A12 Nacho)/A02 (EB-BA217ABY) HC;1900;;;;790;1897,4
АКБ;АКБ Watch Series 4 40 mm Original;2000;;;;850;1961
АКБ;АКБ универсальный 041030P  (4*10*30mm, 200 mAh);1350;;;;250;1325
АКБ;АКБ Samsung S20 Plus (EB-BG985ABY) HC;1500;;;;400;1484
АКБ;АКБ Samsung N770F Note 10 Lite (EB-BN770ABY) Original;1900;;;;750;1855
АКБ;АКБ Xiaomi Mi 11 Lite/Mi 11 Lite 5G NE BP42 HC;2050;;;;890;2003,4
АКБ;АКБ Samsung X200 (AB463446BU) HC;1550;;;;450;1537
АКБ;АКБ универсальный 3790105P  (3.7*90*105mm, 5000 mAh);1550;;;;450;1537
АКБ;Ячейка (банка) АКБ iPhone 14 Pro Max 1кл;2500;;;;1350,00;2491
АКБ;АКБ Tecno Pova Neo 2 (BL-68BT) HC;1900;;;;790;1897,4
АКБ;АКБ Xiaomi Redmi Note 10T/Redmi 10/Poco M3 Pro BN5A ''GSM'';2100;;;;950;2067
АКБ;АКБ Samsung N975F Note 10 Plus (EB-BN972ABU) Original;1900;;;;790;1897,4
АКБ;АКБ универсальный 041021P  (4*10*21mm, 160 mAh);1350;;;;250;1325
АКБ;АКБ Watch Series 3 38 mm Original;1600;;;;490;1579,4
АКБ;АКБ Honor 9/Honor 9 Premium/Huawei P10 (HB386280ECW) HC;1900;;;;790;1897,4
АКБ;"АКБ Xiaomi Mi5 BM22 ""Kstati""";1750;;;;650;1749
АКБ;АКБ Samsung S21 Ultra (EB-BG998ABY) Original;1900;;;;790;1897,4
АКБ;АКБ iPhone 8 Plus ''GSM'';2400;;;;1250,00;2385
АКБ;АКБ Xiaomi Pocophone F1 BM4E HC;1800;;;;690;1791,4
АКБ;АКБ Samsung S10 (EB-BG973ABU) Original;1900;;;;750;1855
АКБ;АКБ Xiaomi Mi Max 3 BM51 HC;1900;;;;790;1897,4
АКБ;АКБ Honor X6/X7 (HB496590EFW-F) HC;2100;;;;950;2067
АКБ;АКБ универсальный 398088P  (3.9*80*88mm, 4000 mAh);1450;;;;350;1431
АКБ;АКБ Xiaomi Redmi 3/Redmi 3S/Redmi 3 Pro/Redmi 4X BM47 HC;1800;;;;690;1791,4
АКБ;АКБ Xiaomi Mi Mix 2/Mi Mix 2S BM3B HC;1900;;;;750;1855
АКБ;АКБ Xiaomi Redmi Note 9 Pro 5G BN52 HC;2000;;;;850;1961
АКБ;АКБ Xiaomi Mi Note 10/Mi Note 10 Lite/Mi Note 10 Pro BM52 HC;2250;;;;1100,00;2226
АКБ;АКБ Samsung N910 Note 4 с NFC (EB-BN910BBE) HC;1750;;;;650;1749
АКБ;АКБ Xiaomi Mi Max 2 BM50 HC;1900;;;;790;1897,4
АКБ;АКБ Xiaomi Redmi Note 11 Pro 4G/Redmi Note 11 Pro 5G/Redmi Note 12S/Poco X4 Pro 5G BN5E HC;2250;;;;1100,00;2226
АКБ;АКБ универсальный 046080P  (4*60*80mm, 3500 mAh);1400;;;;300;1378
АКБ;АКБ Xiaomi Redmi 9A/9C/Redmi A1/Redmi A1+/Poco C31/Poco M2/Poco M2 Pro/Poco C3 BN56 HC;2000;;;;850;1961
АКБ;АКБ Xiaomi Redmi 4A BN30 HC;1800;;;;690;1791,4
АКБ;АКБ универсальный 041517P  (4*15*17mm, 180 mAh);1350;;;;250;1325
АКБ;АКБ универсальный 045070P (4*50*70mm, 2500 mAh);1400;;;;300;1378
АКБ;АКБ Realme GT Neo 2 (BLP887) HC;2300;;;;1150,00;2279
АКБ;АКБ универсальный 044055P (4*40*55mm, 1800 mAh);1400;;;;290;1367,4
АКБ;АКБ Samsung A3 (2017) (EB-BA320ABE) Original;1800;;;;690;1791,4
АКБ;АКБ Tecno Pova 2/Pova 3 (BL-68AT) HC;1900;;;;790;1897,4
АКБ;АКБ Samsung S6 (EB-BG920ABE) Original;1700;;;;590;1685,4
АКБ;АКБ Samsung M317F M31S (EB-BM317ABY) HC;1900;;;;750;1855
АКБ;АКБ Samsung A6 (2018)/J8 2018 (EB-BJ800ABE) HC;1750;;;;650;1749
АКБ;АКБ Samsung A02S/A03S (HQ-50S) HC;1800;;;;690;1791,4
АКБ;АКБ Xiaomi Redmi 10C/Redmi 10A BN5G ''GSM'';2100;;;;950;2067
АКБ;АКБ Watch Series 5 40 mm Original;1900;;;;750;1855
АКБ;АКБ универсальный 040830P  (4*08*30mm, 200 mAh);1300;;;;200;1272
АКБ;АКБ Samsung A23/A73 5G/M23 5G/M33 5G/M52 5G/M53 5G (EB-BM526ABY) Original;2000;;;;850;1961
АКБ;АКБ Samsung S8 Plus (EB-BG955ABA/EB-BG955ABE) Original;1900;;;;750;1855
АКБ;АКБ Honor 8C/Huawei Y7 (2017)/Huawei Mate 9 (HB406689ECW) HC;2000;;;;850;1961
АКБ;АКБ Nokia BL-4U, 1000 mAh HC;1450;;;;330;1409,8
АКБ;АКБ Samsung S7 (EB-BG930ABE) Original;1900;;;;750;1855
АКБ;АКБ Samsung S20 Ultra (EB-BG988ABY) Original;1900;;;;790;1897,4
АКБ;АКБ универсальный 046075P (4*60*75mm, 3000 mAh);1400;;;;300;1378
АКБ;АКБ Xiaomi Mi 9T Pro/Redmi K20 Pro BP40 HC;1900;;;;790;1897,4
АКБ;АКБ iPhone 11 Pro Max ''Kstati'';2850;;;;1650,00;2809
АКБ;АКБ Samsung S21 Plus (EB-BG996ABY) Original;1900;;;;790;1897,4
АКБ;АКБ Samsung A33 5G/A53 5G (EB-BA536ABY) HC;1900;;;;750;1855
АКБ;АКБ Honor 10/Huawei P20 (HB396285ECW) HC;2050;;;;890;2003,4
АКБ;АКБ Xiaomi Redmi 10C/Redmi 10A BN5G HC;2000;;;;850;1961
АКБ;АКБ Samsung G850F Alpha (EB-BG850BBC/EB-BG850BBE) HC;1750;;;;650;1749
АКБ;АКБ универсальный 0460100P  (4*60*100mm, 3500 mAh);1400;;;;300;1378
АКБ;АКБ Xiaomi Redmi Note 10/Redmi Note 10S BN59 HC;2150;;;;990;2109,4
АКБ;АКБ Samsung J700F J7/J400F J4 (2018)/J701F J7 Neo (EB-BJ700BBC) HC;1900;;;;750;1855
