name,price,wholesale,link,dataparser
АКБ iPhone 11 Original,1 700,1 250,/sku/65377/akb_iphone_11_original,2025-11-29 10:58:18
"АКБ Vivo V7 B-5D ""Sky Blue""",180,180,/sku/62221/akb_vivo_v7_b_5d_sky_blue,2025-11-29 10:58:18
АКБ ZTE A910/Blade V7/V7 Plus/Z10 (Li3927T44P8h786035) HC,350,350,/sku/45328/akb_zte_a910_blade_v7_v7_plus_z10_li3927t44p8h786035_hc,2025-11-29 10:58:18
"АКБ Nokia BL-5C, 1020 mAh HC",290,230,/sku/25059/akb_nokia_bl_5c_1020_mah_hc,2025-11-29 10:58:18
АКБ Xiaomi Redmi Note 7/Note 7 Pro BN4A HC,750,600,/sku/63585/akb_xiaomi_redmi_note_7_note_7_pro_bn4a_hc,2025-11-29 10:58:18
АКБ Honor View 10/Honor 8X/9X Lite/Honor 20 (HB386590ECW) HC,750,560,/sku/45312/akb_honor_view_10_honor_8x_9x_lite_honor_20_hb386590ecw_hc,2025-11-29 10:58:18
АКБ Samsung A52/S20 FE (EB-BG781ABY) Original,750,560,/sku/80638/akb_samsung_a52_s20_fe_eb_bg781aby_original,2025-11-29 10:58:18
АКБ Realme 5/C3/C11/C11 2021/C21/C21Y/Narzo 50i (BLP729) HС,750,600,/sku/72211/akb_realme_5_c3_c11_c11_2021_c21_c21y_narzo_50i_blp729_hs,2025-11-29 10:58:18
АКБ Samsung A51 (EB-BA515ABY) Original,750,560,/sku/70860/akb_samsung_a51_eb_ba515aby_original,2025-11-29 10:58:18
"АКБ универсальный 04100100P (4*100*100mm, 6000 mAh)",450,360,/sku/60704/akb_universalnyy_04100100p_4_100_100mm_6000_mah,2025-11-29 10:58:18
АКБ Realme 8i/C30/C30S/C31/C33/C35/Note 50 (BLP877) HC,750,600,/sku/77971/akb_realme_8i_c30_c30s_c31_c33_c35_note_50_blp877_hc,2025-11-29 10:58:18
"АКБ Huawei MediaPad T3 10.0""/MediaPad T1/M2 8.0"" HB3080G1EBW/HB3080G1EBC HC",990,820,/sku/70388/akb_huawei_mediapad_t3_10_0_mediapad_t1_m2_8_0_hb3080g1ebw_hb3080g1ebc_hc,2025-11-29 10:58:18
АКБ Xiaomi Redmi 7/Redmi Note 8/Redmi Note 8 2021/Redmi Note 8T BN46 HC,790,600,/sku/63590/akb_xiaomi_redmi_7_redmi_note_8_redmi_note_8_2021_redmi_note_8t_bn46_hc,2025-11-29 10:58:18
"АКБ универсальный 803040P (8*30*40mm, 1200 mAh)",230,190,/sku/60685/akb_universalnyy_803040p_8_30_40mm_1200_mah,2025-11-29 10:58:18
АКБ Samsung S21 (EB-BG991ABY) Original,750,560,/sku/70781/akb_samsung_s21_eb_bg991aby_original,2025-11-29 10:58:18
"АКБ универсальный 045070P (4*50*70mm, 2500 mAh)",250,210,/sku/60664/akb_universalnyy_045070p_4_50_70mm_2500_mah,2025-11-29 10:58:18
АКБ iPhone 13 Original,1 950,1 300,/sku/75443/akb_iphone_13_original,2025-11-29 10:58:18
"АКБ универсальный 0460100P  (4*60*100mm, 3500 mAh)",250,210,/sku/60728/akb_universalnyy_0460100p_4_60_100mm_3500_mah,2025-11-29 10:58:18
АКБ Infinix Note 10 Pro/Note 11 Pro/Note 11S/Hot 30 4G/Hot 40/Hot 40 Pro/Hot 50 Pro (BL-49JX) HC,750,560,/sku/77987/akb_infinix_note_10_pro_note_11_pro_note_11s_hot_30_4g_hot_40_hot_40_pro_hot_50_pro_bl_49jx_hc,2025-11-29 10:58:18
АКБ iPhone 12/12 Pro Original,1 950,1 300,/sku/70840/akb_iphone_12_12_pro_original,2025-11-29 10:58:18
АКБ Xiaomi Redmi 9/Redmi Note 9 BN54 HC,750,600,/sku/72228/akb_xiaomi_redmi_9_redmi_note_9_bn54_hc,2025-11-29 10:58:18
АКБ Xiaomi Redmi Note 8 Pro BM4J HC,750,600,/sku/63579/akb_xiaomi_redmi_note_8_pro_bm4j_hc,2025-11-29 10:58:18
АКБ Realme C15/C25/C25s/Narzo 30A/50A (BLP793) HC,750,600,/sku/72212/akb_realme_c15_c25_c25s_narzo_30a_50a_blp793_hc,2025-11-29 10:58:18
АКБ Xiaomi Redmi Note 10T/Redmi Note 10 (5G)/Redmi 10/Redmi 10 (2022)/Poco M3 Pro BN5A ''GSM'',950,760,/sku/82865/akb_xiaomi_redmi_note_10t_redmi_note_10_5g_redmi_10_redmi_10_2022_poco_m3_pro_bn5a_gsm,2025-11-29 10:58:18
АКБ Realme 6/6 Pro/6i/6S (BLP757) HC,750,600,/sku/72209/akb_realme_6_6_pro_6i_6s_blp757_hc,2025-11-29 10:58:18
АКБ Realme 9 Pro/9i (BLP911) HC,750,600,/sku/77973/akb_realme_9_pro_9i_blp911_hc,2025-11-29 10:58:18
АКБ iPhone XR Original,1 200,970,/sku/60291/akb_iphone_xr_original,2025-11-29 10:58:18
"АКБ универсальный 040820P (4*8*20mm, 200 mAh)",150,130,/sku/68291/akb_universalnyy_040820p_4_8_20mm_200_mah,2025-11-29 10:58:18
АКБ Infinix Note 11/Note 12/Note 12 2023/12 Pro (BL-49KX) HC,750,560,/sku/77985/akb_infinix_note_11_note_12_note_12_2023_12_pro_bl_49kx_hc,2025-11-29 10:58:18
АКБ Xiaomi Redmi Note 10/Redmi Note 10S/Poco M5S BN59 ''GSM'',1 200,960,/sku/82863/akb_xiaomi_redmi_note_10_redmi_note_10s_poco_m5s_bn59_gsm,2025-11-29 10:58:18
"АКБ универсальный 564050P  (5.6*40*50mm, 1800 mAh)",250,210,/sku/60653/akb_universalnyy_564050p_5_6_40_50mm_1800_mah,2025-11-29 10:58:18
АКБ Samsung S22 (EB-BS901ABY) Original,750,560,/sku/82849/akb_samsung_s22_eb_bs901aby_original,2025-11-29 10:58:18
АКБ iPhone 7 Original,950,710,/sku/40091/akb_iphone_7_original,2025-11-29 10:58:18
АКБ Xiaomi Redmi 6/6A BN37 HC,450,450,/sku/57229/akb_xiaomi_redmi_6_6a_bn37_hc,2025-11-29 10:58:18
"АКБ Xiaomi Mi5 BM22 ""Sky Blue""",250,250,/sku/61428/akb_xiaomi_mi5_bm22_sky_blue,2025-11-29 10:58:18
"АКБ Vivo V9 B-D9 ""Sky Blue""",180,180,/sku/62223/akb_vivo_v9_b_d9_sky_blue,2025-11-29 10:58:18
АКБ Xiaomi Redmi 5A BN34 HC,390,390,/sku/53631/akb_xiaomi_redmi_5a_bn34_hc,2025-11-29 10:58:18
АКБ Xiaomi Mi5 BM22 HC,350,350,/sku/37414/akb_xiaomi_mi5_bm22_hc,2025-11-29 10:58:18
АКБ Huawei P40 (HB525777EEW) HC,390,390,/sku/68567/akb_huawei_p40_hb525777eew_hc,2025-11-29 10:58:18
АКБ iPhone X Original,1 200,970,/sku/51704/akb_iphone_x_original,2025-11-29 10:58:18
АКБ Samsung S5 mini (EB-BG800BBE) HC,350,350,/sku/28334/akb_samsung_s5_mini_eb_bg800bbe_hc,2025-11-29 10:58:18
АКБ iPhone 8 Plus HC,490,490,/sku/47670/akb_iphone_8_plus_hc,2025-11-29 10:58:18
АКБ Honor 7 (HB494590EBC) HC,300,300,/sku/45305/akb_honor_7_hb494590ebc_hc,2025-11-29 10:58:18
АКБ Xiaomi Redmi 4 Pro BN40 HC,390,390,/sku/53628/akb_xiaomi_redmi_4_pro_bn40_hc,2025-11-29 10:58:18
АКБ Xiaomi Redmi 3/Redmi 3S/Redmi 3 Pro/Redmi 4X BM47 HC,400,400,/sku/37413/akb_xiaomi_redmi_3_redmi_3s_redmi_3_pro_redmi_4x_bm47_hc,2025-11-29 10:58:18
АКБ Huawei Nova 2 (HB366179ECW) HC,350,350,/sku/53609/akb_huawei_nova_2_hb366179ecw_hc,2025-11-29 10:58:18
АКБ Xiaomi Redmi Note 3/Note 3 Pro BM46 HC,390,390,/sku/37412/akb_xiaomi_redmi_note_3_note_3_pro_bm46_hc,2025-11-29 10:58:18
АКБ Samsung i8262 Core Duos/i8260 Galaxy Core (B150AC/B185BC) HC,250,250,/sku/25844/akb_samsung_i8262_core_duos_i8260_galaxy_core_b150ac_b185bc_hc,2025-11-29 10:58:18
АКБ Realme XT (BLP741) HC,400,400,/sku/72213/akb_realme_xt_blp741_hc,2025-11-29 10:58:18
АКБ Samsung S4/Galaxy Grand 2 (B600BC/B600BE) HC,290,290,/sku/25071/akb_samsung_s4_galaxy_grand_2_b600bc_b600be_hc,2025-11-29 10:58:18
АКБ Samsung S5 (EB-BG900BBC/EB-BG900BBU) HC,350,350,/sku/25840/akb_samsung_s5_eb_bg900bbc_eb_bg900bbu_hc,2025-11-29 10:58:18
АКБ Xiaomi Mi 10T Lite BM4W HC,390,390,/sku/72224/akb_xiaomi_mi_10t_lite_bm4w_hc,2025-11-29 10:58:18
АКБ Samsung S7 Edge (EB-BG935ABE) HC,350,350,/sku/36056/akb_samsung_s7_edge_eb_bg935abe_hc,2025-11-29 10:58:18
АКБ Huawei Y8P/Honor 30i (HB426489EEW) HC,450,450,/sku/68569/akb_huawei_y8p_honor_30i_hb426489eew_hc,2025-11-29 10:58:18
АКБ Tecno Pova 4/Pouvoir 4 (BL-58BT) HC,750,560,/sku/77992/akb_tecno_pova_4_pouvoir_4_bl_58bt_hc,2025-11-29 10:58:18
АКБ Samsung i8530/i8550/i8552/i8558 (EB585157LU) HC,250,250,/sku/25273/akb_samsung_i8530_i8550_i8552_i8558_eb585157lu_hc,2025-11-29 10:58:18
АКБ Samsung Tab S2 8.0 (EB-BT710ABA) HC,430,430,/sku/62152/akb_samsung_tab_s2_8_0_eb_bt710aba_hc,2025-11-29 10:58:18
АКБ Samsung A5 (2016) (EB-BA510ABE) Original,400,400,/sku/51988/akb_samsung_a5_2016_eb_ba510abe_original,2025-11-29 10:58:18
АКБ iPhone 8 HC,450,450,/sku/47669/akb_iphone_8_hc,2025-11-29 10:58:18
АКБ Samsung A22S 5G/A04 (SCUD-WT-W1) Original,750,560,/sku/80644/akb_samsung_a22s_5g_a04_scud_wt_w1_original,2025-11-29 10:58:18
"АКБ iPhone 6S Plus ""Kstati"" усиленная 3700 mAh",550,550,/sku/68968/akb_iphone_6s_plus_kstati_usilennaya_3700_mah,2025-11-29 10:58:18
АКБ Samsung S10E (EB-BG970ABU) HC,350,350,/sku/63574/akb_samsung_s10e_eb_bg970abu_hc,2025-11-29 10:58:18
АКБ Samsung A6+ (2018)/J8+ 2018 (EB-BJ805ABE) HC,350,350,/sku/53657/akb_samsung_a6_2018_j8_2018_eb_bj805abe_hc,2025-11-29 10:58:18
АКБ Samsung S3/Galaxy Grand (EB-L1G6LLU) HC,290,290,/sku/25070/akb_samsung_s3_galaxy_grand_eb_l1g6llu_hc,2025-11-29 10:58:18
АКБ Huawei P40 Lite/Mate 30 (HB486586ECW) HC,450,450,/sku/67192/akb_huawei_p40_lite_mate_30_hb486586ecw_hc,2025-11-29 10:58:18
АКБ Xiaomi Redmi Go BN3A HC,390,390,/sku/63593/akb_xiaomi_redmi_go_bn3a_hc,2025-11-29 10:58:18
АКБ Xiaomi Mi Play BN39 HC,350,350,/sku/65837/akb_xiaomi_mi_play_bn39_hc,2025-11-29 10:58:18
АКБ iPhone 7 HC,450,450,/sku/67187/akb_iphone_7_hc,2025-11-29 10:58:18
АКБ Samsung Tab S3 9.7 (EB-BT825ABE) HC,440,440,/sku/62155/akb_samsung_tab_s3_9_7_eb_bt825abe_hc,2025-11-29 10:58:18
АКБ iPhone 6S HC,450,450,/sku/38336/akb_iphone_6s_hc,2025-11-29 10:58:18
АКБ ZTE A520 (Li3824T44P4h716043) HC,250,250,/sku/53616/akb_zte_a520_li3824t44p4h716043_hc,2025-11-29 10:58:18
АКБ Samsung A5 (EB-BA500ABE) HC,250,250,/sku/30731/akb_samsung_a5_eb_ba500abe_hc,2025-11-29 10:58:18
АКБ ZTE Blade A1/V8 Mini/Axon Mini/B2015/C880 (Li3928T44P8H475371) HC,190,190,/sku/63595/akb_zte_blade_a1_v8_mini_axon_mini_b2015_c880_li3928t44p8h475371_hc,2025-11-29 10:58:18
"АКБ универсальный 35110120P (3,5*110*120mm, 7000 mAh)",320,260,/sku/68295/akb_universalnyy_35110120p_3_5_110_120mm_7000_mah,2025-11-29 10:58:18
АКБ Xiaomi Redmi 5 BN35 HC,390,390,/sku/48432/akb_xiaomi_redmi_5_bn35_hc,2025-11-29 10:58:18
АКБ Samsung S10 Plus (EB-BG975ABU) HC,350,350,/sku/63576/akb_samsung_s10_plus_eb_bg975abu_hc,2025-11-29 10:58:18
АКБ iPhone 11 Pro Original,1 650,1 250,/sku/65378/akb_iphone_11_pro_original,2025-11-29 10:58:18
АКБ Honor 6X/Huawei Nova Plus/Mate 9 Lite/GR5 (2017) (HB386483ECW+) HC,350,350,/sku/45309/akb_honor_6x_huawei_nova_plus_mate_9_lite_gr5_2017_hb386483ecw_hc,2025-11-29 10:58:18
"АКБ универсальный 3080110P  (3*80*110mm, 6000 mAh)",450,360,/sku/60729/akb_universalnyy_3080110p_3_80_110mm_6000_mah,2025-11-29 10:58:18
АКБ Samsung S7 (EB-BG930ABE) HC,350,350,/sku/36055/akb_samsung_s7_eb_bg930abe_hc,2025-11-29 10:58:18
АКБ iPhone 7 Plus HC,450,450,/sku/47668/akb_iphone_7_plus_hc,2025-11-29 10:58:18
АКБ ZTE A3 (2019)/L8 (Li3820T43P4h695945) HC,250,250,/sku/63597/akb_zte_a3_2019_l8_li3820t43p4h695945_hc,2025-11-29 10:58:18
АКБ Infinix Hot 10 Lite/10S/12i/20/20i/Smart 6/6 HD/6 Plus (BL-49FX) HC,750,560,/sku/77983/akb_infinix_hot_10_lite_10s_12i_20_20i_smart_6_6_hd_6_plus_bl_49fx_hc,2025-11-29 10:58:18
АКБ iPhone SE (2016) HC,300,300,/sku/36965/akb_iphone_se_2016_hc,2025-11-29 10:58:18
АКБ Samsung A3 (2016) (EB-BA310ABE) Original,350,350,/sku/51985/akb_samsung_a3_2016_eb_ba310abe_original,2025-11-29 10:58:18
АКБ Xiaomi Redmi 4/4 Prime BN42 HC,390,390,/sku/43051/akb_xiaomi_redmi_4_4_prime_bn42_hc,2025-11-29 10:58:18
АКБ iPhone 13 Pro Original,1 900,1 400,/sku/75444/akb_iphone_13_pro_original,2025-11-29 10:58:18
АКБ Huawei P30 Pro/Mate 20 Pro (HB486486ECW) HC,550,550,/sku/63568/akb_huawei_p30_pro_mate_20_pro_hb486486ecw_hc,2025-11-29 10:58:18
АКБ Tecno Spark 5 Air/6 Go/8C/8P/Go 2022/Camon 15/15 Air (BL-49FT) HC,790,670,/sku/77988/akb_tecno_spark_5_air_6_go_8c_8p_go_2022_camon_15_15_air_bl_49ft_hc,2025-11-29 10:58:18
АКБ Samsung A5 (2017) (EB-BA520ABE/EB-BJ530ABE) HC,300,300,/sku/43044/akb_samsung_a5_2017_eb_ba520abe_eb_bj530abe_hc,2025-11-29 10:58:18
АКБ Samsung S21 Ultra (EB-BG998ABY) Original,750,560,/sku/72219/akb_samsung_s21_ultra_eb_bg998aby_original,2025-11-29 10:58:18
"АКБ универсальный 043040P  (4*30*40mm, 600 mAh)",190,160,/sku/60648/akb_universalnyy_043040p_4_30_40mm_600_mah,2025-11-29 10:58:18
АКБ iPhone 12 Mini Original,1 250,970,/sku/70839/akb_iphone_12_mini_original,2025-11-29 10:58:18
АКБ Xiaomi Redmi Note 4 BN41 HC,390,390,/sku/43050/akb_xiaomi_redmi_note_4_bn41_hc,2025-11-29 10:58:18
АКБ Samsung A6 (2018)/J8 2018 (EB-BJ800ABE) HC,350,350,/sku/53656/akb_samsung_a6_2018_j8_2018_eb_bj800abe_hc,2025-11-29 10:58:18
АКБ Samsung S6 Edge (EB-BG925ABE) HC,250,250,/sku/31757/akb_samsung_s6_edge_eb_bg925abe_hc,2025-11-29 10:58:18
АКБ Huawei P30 (HB436380ECW) HC,390,390,/sku/67190/akb_huawei_p30_hb436380ecw_hc,2025-11-29 10:58:18
АКБ Samsung S10 (EB-BG973ABU) Original,750,560,/sku/78493/akb_samsung_s10_eb_bg973abu_original,2025-11-29 10:58:18
АКБ Samsung J5 (2016) (EB-BJ510CBC) HC,350,350,/sku/40174/akb_samsung_j5_2016_eb_bj510cbc_hc,2025-11-29 10:58:18
АКБ Samsung S6 (EB-BG920ABE) HC,290,290,/sku/31756/akb_samsung_s6_eb_bg920abe_hc,2025-11-29 10:58:18
АКБ Samsung S5830 Ace (EB494358VU) HC,290,290,/sku/25075/akb_samsung_s5830_ace_eb494358vu_hc,2025-11-29 10:58:18
АКБ Honor 10 Lite/10i/20i/Huawei P Smart 2019 (HB396286ECW) HC,750,600,/sku/67188/akb_honor_10_lite_10i_20i_huawei_p_smart_2019_hb396286ecw_hc,2025-11-29 10:58:18
АКБ iPhone SE (2020) Original,950,770,/sku/67945/akb_iphone_se_2020_original,2025-11-29 10:58:18
АКБ Samsung i9100/i9103/i9105/i9108 (EB-F1A2GBU) HC,250,250,/sku/25834/akb_samsung_i9100_i9103_i9105_i9108_eb_f1a2gbu_hc,2025-11-29 10:58:18
АКБ Xiaomi Redmi Note 4X BN43 HC,450,450,/sku/43052/akb_xiaomi_redmi_note_4x_bn43_hc,2025-11-29 10:58:18
АКБ iPhone 5S/5C HC,250,250,/sku/25619/akb_iphone_5s_5c_hc,2025-11-29 10:58:18
АКБ Huawei Mate 20X/Enjoy Max/Honor Note 10/Honor 8X Max (HB3973A5ECW) HC,400,400,/sku/67191/akb_huawei_mate_20x_enjoy_max_honor_note_10_honor_8x_max_hb3973a5ecw_hc,2025-11-29 10:58:18
АКБ Samsung G360H/G361F Core Prime (EB-BG360CBC/EB-BG360BBE) HC,250,250,/sku/30728/akb_samsung_g360h_g361f_core_prime_eb_bg360cbc_eb_bg360bbe_hc,2025-11-29 10:58:18
АКБ Xiaomi Mi8 SE BM3D HC,290,290,/sku/57238/akb_xiaomi_mi8_se_bm3d_hc,2025-11-29 10:58:18
АКБ Xiaomi Redmi 4A BN30 HC,450,450,/sku/43049/akb_xiaomi_redmi_4a_bn30_hc,2025-11-29 10:58:18
АКБ Samsung S10 (EB-BG973ABU) HC,350,350,/sku/63575/akb_samsung_s10_eb_bg973abu_hc,2025-11-29 10:58:18
АКБ Xiaomi Redmi Note 10/Redmi Note 10S/Poco M5S BN59 HC,850,660,/sku/72231/akb_xiaomi_redmi_note_10_redmi_note_10s_poco_m5s_bn59_hc,2025-11-29 10:58:18
"АКБ универсальный 404050P  (4*40*50mm, 1200 mAh)",250,210,/sku/60652/akb_universalnyy_404050p_4_40_50mm_1200_mah,2025-11-29 10:58:18
АКБ Samsung i9190/J110/i9192 (B500AE/B500BE/B500BU) HC,350,350,/sku/25068/akb_samsung_i9190_j110_i9192_b500ae_b500be_b500bu_hc,2025-11-29 10:58:18
АКБ Infinix Hot 10 Play/11/11 Play/12 Play (BL-58BX) HC,750,560,/sku/77984/akb_infinix_hot_10_play_11_11_play_12_play_bl_58bx_hc,2025-11-29 10:58:18
АКБ iPhone 11 Pro Max Original,1 750,1 350,/sku/65379/akb_iphone_11_pro_max_original,2025-11-29 10:58:18
АКБ iPhone XS Original,1 250,990,/sku/65376/akb_iphone_xs_original,2025-11-29 10:58:18
АКБ iPhone 8 Original,850,700,/sku/47064/akb_iphone_8_original,2025-11-29 10:58:18
АКБ iPhone 14 Pro Original,1 900,1 450,/sku/83429/akb_iphone_14_pro_original,2025-11-29 10:58:18
АКБ Realme 8 (BLP841) HC,750,600,/sku/72210/akb_realme_8_blp841_hc,2025-11-29 10:58:18
АКБ iPhone 8 Plus Original,790,610,/sku/47065/akb_iphone_8_plus_original,2025-11-29 10:58:18
АКБ iPhone 13 Pro Max Original,2 000,1 500,/sku/75445/akb_iphone_13_pro_max_original,2025-11-29 10:58:18
"АКБ универсальный 3970125P  (3.9*70*125mm, 6000 mAh)",350,310,/sku/60718/akb_universalnyy_3970125p_3_9_70_125mm_6000_mah,2025-11-29 10:58:18
АКБ Tecno Spark 10 4G/10 Pro/10C/20/20C (BL-49ST) HC,750,560,/sku/84810/akb_tecno_spark_10_4g_10_pro_10c_20_20c_bl_49st_hc,2025-11-29 10:58:18
АКБ iPhone 7 Plus Original,790,570,/sku/40092/akb_iphone_7_plus_original,2025-11-29 10:58:18
АКБ iPhone XS Max Original,1 250,990,/sku/60292/akb_iphone_xs_max_original,2025-11-29 10:58:18
АКБ Infinix Note 30 4G/5G (BL-49TX) HC,750,560,/sku/84805/akb_infinix_note_30_4g_5g_bl_49tx_hc,2025-11-29 10:58:18
АКБ Realme C55/Narzo 50 4G (BLP875) HC,750,600,/sku/84806/akb_realme_c55_narzo_50_4g_blp875_hc,2025-11-29 10:58:18
АКБ iPhone 5S/5C Original,750,420,/sku/37572/akb_iphone_5s_5c_original,2025-11-29 10:58:18
АКБ Xiaomi 12/12X BP46 HC,990,900,/sku/84812/akb_xiaomi_12_12x_bp46_hc,2025-11-29 10:58:18
АКБ Samsung Tab A7 10.4'' Wi-Fi T500/LTE T505 (SCUD-WT-N19) HC,950,760,/sku/77963/akb_samsung_tab_a7_10_4_wi_fi_t500_lte_t505_scud_wt_n19_hc,2025-11-29 10:58:18
АКБ iPhone 12 Pro Max Original,1 850,1 350,/sku/70842/akb_iphone_12_pro_max_original,2025-11-29 10:58:18
АКБ Xiaomi Poco F3 BM4Y HC,850,660,/sku/72220/akb_xiaomi_poco_f3_bm4y_hc,2025-11-29 10:58:18
Ячейка (банка) АКБ iPhone 11 1кл,750,620,/sku/76495/ycheyka_banka_akb_iphone_11_1kl,2025-11-29 10:58:18
"АКБ универсальный 602035P (6*20*35mm, 600 mAh)",220,180,/sku/60679/akb_universalnyy_602035p_6_20_35mm_600_mah,2025-11-29 10:58:18
АКБ Samsung S10E (EB-BG970ABU) Original,750,560,/sku/78495/akb_samsung_s10e_eb_bg970abu_original,2025-11-29 10:58:18
АКБ iPhone 6S Original,820,610,/sku/38009/akb_iphone_6s_original,2025-11-29 10:58:18
"АКБ универсальный 042530P  (4*25*30mm, 350 mAh)",170,150,/sku/70219/akb_universalnyy_042530p_4_25_30mm_350_mah,2025-11-29 10:58:18
"АКБ iPad Air 9.7"" (2017)/9.7"" (2018)/10.2"" (2019)/iPad 5 (A1484) Original",1 250,970,/sku/38003/akb_ipad_air_9_7_2017_9_7_2018_10_2_2019_ipad_5_a1484_original,2025-11-29 10:58:18
АКБ iPad Air 2 Original,1 250,970,/sku/67939/akb_ipad_air_2_original,2025-11-29 10:58:18
АКБ iPhone 14 Pro Max Original,2 000,1 550,/sku/83427/akb_iphone_14_pro_max_original,2025-11-29 10:58:18
"АКБ универсальный 042020P  (4*20*20mm, 300 mAh)",160,140,/sku/60613/akb_universalnyy_042020p_4_20_20mm_300_mah,2025-11-29 10:58:18
АКБ iPhone 11 Pro ''JCID'' (3046 mAh),950,870,/sku/85924/akb_iphone_11_pro_jcid_3046_mah,2025-11-29 10:58:18
АКБ iPhone 14 Original,1 750,1 250,/sku/83428/akb_iphone_14_original,2025-11-29 10:58:18
АКБ Samsung M307F M30s/M215F M21/M315F M31/M127F M12 (2020) (EB-BM207ABY) HC,650,500,/sku/65836/akb_samsung_m307f_m30s_m215f_m21_m315f_m31_m127f_m12_2020_eb_bm207aby_hc,2025-11-29 10:58:18
АКБ Oppo A53/A54 4G/A16/A55 4G (BLP805) HC,790,610,/sku/77966/akb_oppo_a53_a54_4g_a16_a55_4g_blp805_hc,2025-11-29 10:58:18
АКБ Samsung S20 Ultra (EB-BG988ABY) Original,750,560,/sku/73117/akb_samsung_s20_ultra_eb_bg988aby_original,2025-11-29 10:58:18
АКБ Tecno Camon 19 (BL-49LT) HC,750,560,/sku/77990/akb_tecno_camon_19_bl_49lt_hc,2025-11-29 10:58:18
АКБ iPhone 8 ''GSM'',990,760,/sku/79324/akb_iphone_8_gsm,2025-11-29 10:58:18
АКБ Nokia BL-4UL Asha 225 HC,420,360,/sku/32617/akb_nokia_bl_4ul_asha_225_hc,2025-11-29 10:58:18
АКБ Watch Series 6 44mm Original,750,610,/sku/79708/akb_watch_series_6_44mm_original,2025-11-29 10:58:18
АКБ Samsung A115F A11 (HQ-70N) Original,750,560,/sku/80640/akb_samsung_a115f_a11_hq_70n_original,2025-11-29 10:58:18
АКБ AirPods Pro левая HC,550,460,/sku/69531/akb_airpods_pro_levaya_hc,2025-11-29 10:58:18
АКБ Xiaomi Mi6 BM39 HC,650,500,/sku/49125/akb_xiaomi_mi6_bm39_hc,2025-11-29 10:58:18
АКБ Samsung Tab A 8.0'' 2019 Wi-Fi T290/LTE T295 (SWD-WT-N8) HC,790,670,/sku/77961/akb_samsung_tab_a_8_0_2019_wi_fi_t290_lte_t295_swd_wt_n8_hc,2025-11-29 10:58:18
"АКБ универсальный 045794P (4*57*94mm, 3000 mAh)",250,210,/sku/60689/akb_universalnyy_045794p_4_57_94mm_3000_mah,2025-11-29 10:58:18
"АКБ универсальный 043450P  (4*34*50mm, 1000 mAh)",220,180,/sku/60650/akb_universalnyy_043450p_4_34_50mm_1000_mah,2025-11-29 10:58:18
Ячейка (банка) АКБ iPhone SE (2020) 1кл,650,470,/sku/82180/ycheyka_banka_akb_iphone_se_2020_1kl,2025-11-29 10:58:18
"АКБ универсальный 041030P  (4*10*30mm, 200 mAh)",160,140,/sku/60609/akb_universalnyy_041030p_4_10_30mm_200_mah,2025-11-29 10:58:18
АКБ Xiaomi Pocophone F1 BM4E HC,650,500,/sku/57234/akb_xiaomi_pocophone_f1_bm4e_hc,2025-11-29 10:58:18
АКБ Samsung S20 (EB-BG980ABY) HC,350,350,/sku/68678/akb_samsung_s20_eb_bg980aby_hc,2025-11-29 10:58:18
АКБ iPhone 11 Pro Max ''JCID'' (3969 mAh),990,940,/sku/85925/akb_iphone_11_pro_max_jcid_3969_mah,2025-11-29 10:58:18
АКБ Tecno Camon 19 Pro (BL-49MT) HC,750,560,/sku/77995/akb_tecno_camon_19_pro_bl_49mt_hc,2025-11-29 10:58:18
АКБ Samsung A5 (2017) (EB-BA520ABE/EB-BJ530ABE) Original,590,460,/sku/51989/akb_samsung_a5_2017_eb_ba520abe_eb_bj530abe_original,2025-11-29 10:58:18
АКБ Samsung S21 Plus (EB-BG996ABY) Original,750,560,/sku/70782/akb_samsung_s21_plus_eb_bg996aby_original,2025-11-29 10:58:18
"АКБ Nokia BL-5B, 890 mAh HC",310,250,/sku/25058/akb_nokia_bl_5b_890_mah_hc,2025-11-29 10:58:18
АКБ Realme 9 (BLP883) HC,750,600,/sku/77972/akb_realme_9_blp883_hc,2025-11-29 10:58:18
АКБ Honor 20 Pro/View 20/Huawei Mate 10/Mate 10 Pro/Mate 20/P20 Pro (HB436486ECW) ''GSM'',990,700,/sku/82838/akb_honor_20_pro_view_20_huawei_mate_10_mate_10_pro_mate_20_p20_pro_hb436486ecw_gsm,2025-11-29 10:58:18
"АКБ универсальный 3766125P  (3.7*66*125mm, 5000 mAh)",350,310,/sku/60716/akb_universalnyy_3766125p_3_7_66_125mm_5000_mah,2025-11-29 10:58:18
АКБ Samsung A33 5G/A53 5G (EB-BA536ABY) HC,650,500,/sku/78000/akb_samsung_a33_5g_a53_5g_eb_ba536aby_hc,2025-11-29 10:58:18
АКБ Samsung A31/A32/A22 (EB-BA315ABY) Original,750,560,/sku/78492/akb_samsung_a31_a32_a22_eb_ba315aby_original,2025-11-29 10:58:18
АКБ Xiaomi Redmi Note 9 Pro 5G BN52 HC,850,600,/sku/72230/akb_xiaomi_redmi_note_9_pro_5g_bn52_hc,2025-11-29 10:58:18
"АКБ Samsung S9 Plus (EB-BG965ABA/EB-BG965ABE) ""GSM""",950,710,/sku/79350/akb_samsung_s9_plus_eb_bg965aba_eb_bg965abe_gsm,2025-11-29 10:58:18
АКБ iPhone 15 ''JCID'' (3349mAh),990,940,/sku/85937/akb_iphone_15_jcid_3349mah,2025-11-29 10:58:18
АКБ iPhone X ''GSM'',1 400,1 100,/sku/79327/akb_iphone_x_gsm,2025-11-29 10:58:18
Ячейка (банка) АКБ iPhone 12 Pro Max 1кл,950,770,/sku/78338/ycheyka_banka_akb_iphone_12_pro_max_1kl,2025-11-29 10:58:18
АКБ Samsung A03 Core (SLC-50) HC,550,400,/sku/77996/akb_samsung_a03_core_slc_50_hc,2025-11-29 10:58:18
АКБ iPad MINI (2019)/iPad MINI 5 Original,690,570,/sku/67944/akb_ipad_mini_2019_ipad_mini_5_original,2025-11-29 10:58:18
"АКБ Nokia BL-4C, 890 mAh HC",330,280,/sku/25056/akb_nokia_bl_4c_890_mah_hc,2025-11-29 10:58:18
АКБ iPhone 4 Original,360,310,/sku/36187/akb_iphone_4_original,2025-11-29 10:58:18
Ячейка (банка) АКБ iPhone 11 Pro Max 1кл,950,770,/sku/76497/ycheyka_banka_akb_iphone_11_pro_max_1kl,2025-11-29 10:58:18
АКБ Honor X8a/X8b/90 Lite/200 Lite (HB416594EGW) HC,850,600,/sku/84826/akb_honor_x8a_x8b_90_lite_200_lite_hb416594egw_hc,2025-11-29 10:58:18
АКБ Samsung A21S/A12/A12S (A12 Nacho)/A02 (EB-BA217ABY) Original,750,560,/sku/80637/akb_samsung_a21s_a12_a12s_a12_nacho_a02_eb_ba217aby_original,2025-11-29 10:58:18
АКБ Samsung A03/A14 4G (HQ-50SD) HC,650,500,/sku/77997/akb_samsung_a03_a14_4g_hq_50sd_hc,2025-11-29 10:58:18
АКБ Samsung N950F Note 8 (EB-BN950ABE) Original,750,600,/sku/52005/akb_samsung_n950f_note_8_eb_bn950abe_original,2025-11-29 10:58:18
АКБ Honor 7X/20S/Nova 2 Plus/Nova 2i/P30 Lite (HB356687ECW) HC,750,560,/sku/65092/akb_honor_7x_20s_nova_2_plus_nova_2i_p30_lite_hb356687ecw_hc,2025-11-29 10:58:18
АКБ Samsung A31/A32/A22 (EB-BA315ABY) ''GSM'',950,800,/sku/82843/akb_samsung_a31_a32_a22_eb_ba315aby_gsm,2025-11-29 10:58:18
АКБ Samsung S20 (EB-BG980ABY) Original,750,560,/sku/78496/akb_samsung_s20_eb_bg980aby_original,2025-11-29 10:58:18
АКБ iPhone 6 Original,690,500,/sku/38008/akb_iphone_6_original,2025-11-29 10:58:18
"АКБ Samsung S10 (EB-BG973ABU) ""GSM""",850,700,/sku/79344/akb_samsung_s10_eb_bg973abu_gsm,2025-11-29 10:58:18
АКБ Samsung S9 (EB-BG960ABE) Original,750,560,/sku/52003/akb_samsung_s9_eb_bg960abe_original,2025-11-29 10:58:18
АКБ iPhone SE (2022) Original,1 290,1 150,/sku/79326/akb_iphone_se_2022_original,2025-11-29 10:58:18
АКБ Samsung S23 Ultra (EB-BS918ABY) Original,750,560,/sku/82853/akb_samsung_s23_ultra_eb_bs918aby_original,2025-11-29 10:58:18
АКБ Samsung S22 Plus (EB-BS906ABY) Original,750,560,/sku/82850/akb_samsung_s22_plus_eb_bs906aby_original,2025-11-29 10:58:18
АКБ Xiaomi Poco F3 BM4Y ''GSM'',950,860,/sku/82855/akb_xiaomi_poco_f3_bm4y_gsm,2025-11-29 10:58:18
АКБ Realme GT Neo 2 (BLP887) HC,1 150,970,/sku/77970/akb_realme_gt_neo_2_blp887_hc,2025-11-29 10:58:18
АКБ Samsung A71 (EB-BA715ABY) HC,650,500,/sku/68648/akb_samsung_a71_eb_ba715aby_hc,2025-11-29 10:58:18
АКБ Honor 10/Huawei P20 (HB396285ECW) HC,700,560,/sku/53591/akb_honor_10_huawei_p20_hb396285ecw_hc,2025-11-29 10:58:18
АКБ Honor 9X/9X Premium/P Smart Z/Nova 5i/Enjoy 10 Plus/Y9S (HB446486ECW) HC,750,560,/sku/74901/akb_honor_9x_9x_premium_p_smart_z_nova_5i_enjoy_10_plus_y9s_hb446486ecw_hc,2025-11-29 10:58:18
АКБ Xiaomi Redmi 9A/9C/Redmi A1/Redmi A1+/Poco C31/Poco M2/Poco M2 Pro/Poco C3 BN56 ''GSM'',950,760,/sku/82860/akb_xiaomi_redmi_9a_9c_redmi_a1_redmi_a1_poco_c31_poco_m2_poco_m2_pro_poco_c3_bn56_gsm,2025-11-29 10:58:18
АКБ Samsung J4 Plus (2018)/J6 Plus (2018) (EB-BG610ABE) HC,650,500,/sku/65834/akb_samsung_j4_plus_2018_j6_plus_2018_eb_bg610abe_hc,2025-11-29 10:58:18
АКБ Xiaomi Mi 5X/Mi A1/Redmi Note 5A BN31 HC,650,500,/sku/53629/akb_xiaomi_mi_5x_mi_a1_redmi_note_5a_bn31_hc,2025-11-29 10:58:18
АКБ Xiaomi Mi 13T/14T/Poco X6 Pro BM5T (A) HC,850,700,/sku/86172/akb_xiaomi_mi_13t_14t_poco_x6_pro_bm5t_a_hc,2025-11-29 10:58:18
АКБ Samsung M515F M51 (EB-BM415ABY) HC,650,500,/sku/78003/akb_samsung_m515f_m51_eb_bm415aby_hc,2025-11-29 10:58:18
АКБ iPhone 7 Plus ''GSM'',950,700,/sku/79323/akb_iphone_7_plus_gsm,2025-11-29 10:58:18
"АКБ универсальный 046365P (4*63*65mm, 2200 mAh)",250,210,/sku/60662/akb_universalnyy_046365p_4_63_65mm_2200_mah,2025-11-29 10:58:18
"АКБ универсальный 343747P  (3.4*37*47mm, 800 mAh)",190,160,/sku/60655/akb_universalnyy_343747p_3_4_37_47mm_800_mah,2025-11-29 10:58:18
АКБ Honor 5C/6C Pro/7A Pro/9 Lite/9i/Huawei P9 (HB366481ECW) HC,750,560,/sku/41217/akb_honor_5c_6c_pro_7a_pro_9_lite_9i_huawei_p9_hb366481ecw_hc,2025-11-29 10:58:18
АКБ Samsung X200 (AB463446BU) HC,450,380,/sku/25077/akb_samsung_x200_ab463446bu_hc,2025-11-29 10:58:18
Ячейка (банка) АКБ iPhone 12/12 Pro 1кл,850,660,/sku/78336/ycheyka_banka_akb_iphone_12_12_pro_1kl,2025-11-29 10:58:18
АКБ Samsung A40 (2019) (EB-BA405ABE) HC,550,400,/sku/63573/akb_samsung_a40_2019_eb_ba405abe_hc,2025-11-29 10:58:18
АКБ iPhone 15 Pro Max Original,2 250,1 750,/sku/86004/akb_iphone_15_pro_max_original,2025-11-29 10:58:18
АКБ Xiaomi Redmi Note 11S 5G/Poco M4 Pro 5G BN5C HC,950,800,/sku/77982/akb_xiaomi_redmi_note_11s_5g_poco_m4_pro_5g_bn5c_hc,2025-11-29 10:58:18
АКБ Samsung S8 Plus (EB-BG955ABA/EB-BG955ABE) Original,750,560,/sku/52002/akb_samsung_s8_plus_eb_bg955aba_eb_bg955abe_original,2025-11-29 10:58:18
АКБ iPhone XS Max ''GSM'',1 450,1 150,/sku/79329/akb_iphone_xs_max_gsm,2025-11-29 10:58:18
АКБ Samsung N975F Note 10 Plus (EB-BN972ABU) Original,750,600,/sku/70784/akb_samsung_n975f_note_10_plus_eb_bn972abu_original,2025-11-29 10:58:18
АКБ iPhone 13 Mini Original,1 800,1 250,/sku/84489/akb_iphone_13_mini_original,2025-11-29 10:58:18
АКБ Samsung N985F Note 20 Ultra (EB-BN985ABY) Original,750,600,/sku/70786/akb_samsung_n985f_note_20_ultra_eb_bn985aby_original,2025-11-29 10:58:18
"АКБ универсальный 041021P  (4*10*21mm, 160 mAh)",150,130,/sku/60594/akb_universalnyy_041021p_4_10_21mm_160_mah,2025-11-29 10:58:18
АКБ Honor 10X Lite/P Smart 2021 (HB526488EEW) HC,750,600,/sku/72208/akb_honor_10x_lite_p_smart_2021_hb526488eew_hc,2025-11-29 10:58:18
АКБ AirPods 1/2 HC,690,510,/sku/69530/akb_airpods_1_2_hc,2025-11-29 10:58:18
АКБ Samsung S9 Plus (EB-BG965ABA/EB-BG965ABE) Original,750,560,/sku/52004/akb_samsung_s9_plus_eb_bg965aba_eb_bg965abe_original,2025-11-29 10:58:18
АКБ Xiaomi Mi 11 Pro/Mi 11 Ultra BM55 HC,890,760,/sku/86158/akb_xiaomi_mi_11_pro_mi_11_ultra_bm55_hc,2025-11-29 10:58:18
АКБ iPhone 8 Plus ''GSM'',890,710,/sku/79325/akb_iphone_8_plus_gsm,2025-11-29 10:58:18
АКБ Xiaomi Mi 9 SE BM3M HC,750,560,/sku/63589/akb_xiaomi_mi_9_se_bm3m_hc,2025-11-29 10:58:18
АКБ Samsung A23/A73 5G/M23 5G/M33 5G/M52 5G/M53 5G (EB-BM526ABY) Original,750,560,/sku/80645/akb_samsung_a23_a73_5g_m23_5g_m33_5g_m52_5g_m53_5g_eb_bm526aby_original,2025-11-29 10:58:18
АКБ Samsung A10s/A20s (SCUD-WT-N6) HC,550,400,/sku/65827/akb_samsung_a10s_a20s_scud_wt_n6_hc,2025-11-29 10:58:18
АКБ Samsung S23 Plus (EB-BS916ABY) Original,750,560,/sku/82852/akb_samsung_s23_plus_eb_bs916aby_original,2025-11-29 10:58:18
"АКБ универсальный 041015P  (4*10*15mm, 150 mAh)",150,130,/sku/60607/akb_universalnyy_041015p_4_10_15mm_150_mah,2025-11-29 10:58:18
АКБ Xiaomi Mi 10T/Mi 10T Pro BM53 HC,890,760,/sku/72223/akb_xiaomi_mi_10t_mi_10t_pro_bm53_hc,2025-11-29 10:58:18
АКБ Samsung A41 (EB-BA415ABY) HC,650,500,/sku/68076/akb_samsung_a41_eb_ba415aby_hc,2025-11-29 10:58:18
АКБ Xiaomi Poco M4 5G/M5 BN5H HC,850,660,/sku/84816/akb_xiaomi_poco_m4_5g_m5_bn5h_hc,2025-11-29 10:58:18
АКБ Xiaomi Redmi Note 7/Note 7 Pro BN4A ''GSM'',950,800,/sku/82866/akb_xiaomi_redmi_note_7_note_7_pro_bn4a_gsm,2025-11-29 10:58:18
АКБ Samsung S22 Ultra (EB-BS908ABY) Original,750,560,/sku/82848/akb_samsung_s22_ultra_eb_bs908aby_original,2025-11-29 10:58:18
АКБ Samsung S6 Edge (EB-BG925ABE) Original,590,460,/sku/52000/akb_samsung_s6_edge_eb_bg925abe_original,2025-11-29 10:58:18
АКБ Xiaomi Redmi 5 Plus BN44 HC,590,510,/sku/57226/akb_xiaomi_redmi_5_plus_bn44_hc,2025-11-29 10:58:18
АКБ iPhone 6 Plus Original,750,560,/sku/43190/akb_iphone_6_plus_original,2025-11-29 10:58:18
АКБ Xiaomi 12 Lite BP4B HC,890,810,/sku/84814/akb_xiaomi_12_lite_bp4b_hc,2025-11-29 10:58:18
АКБ Samsung S10 Plus (EB-BG975ABU) ''GSM'',850,670,/sku/82845/akb_samsung_s10_plus_eb_bg975abu_gsm,2025-11-29 10:58:18
АКБ Samsung Tab 4 10.1'' Wi-Fi T530/3G T531/LTE T535 (EB-BT530FBE) HC,850,750,/sku/77962/akb_samsung_tab_4_10_1_wi_fi_t530_3g_t531_lte_t535_eb_bt530fbe_hc,2025-11-29 10:58:18
АКБ Samsung A115F A11 (HQ-70N) HC,650,500,/sku/70385/akb_samsung_a115f_a11_hq_70n_hc,2025-11-29 10:58:18
АКБ Samsung M11 M115F (HQ-S71) HC,650,470,/sku/72217/akb_samsung_m11_m115f_hq_s71_hc,2025-11-29 10:58:18
АКБ iPhone 7 ''GSM'',990,760,/sku/79322/akb_iphone_7_gsm,2025-11-29 10:58:18
АКБ Tecno Spark 7 (BL-58CT) HC,750,560,/sku/77993/akb_tecno_spark_7_bl_58ct_hc,2025-11-29 10:58:18
"АКБ универсальный 043759P  (4*37*59mm, 1100 mAh)",230,190,/sku/60656/akb_universalnyy_043759p_4_37_59mm_1100_mah,2025-11-29 10:58:18
АКБ iPad MINI Original,950,910,/sku/38005/akb_ipad_mini_original,2025-11-29 10:58:18
АКБ iPhone 15 Pro ''JCID'' (3274mAh),1 150,1 100,/sku/85939/akb_iphone_15_pro_jcid_3274mah,2025-11-29 10:58:18
"АКБ универсальный 3046113P (3*46*113mm, 3000 mAh)",250,210,/sku/68292/akb_universalnyy_3046113p_3_46_113mm_3000_mah,2025-11-29 10:58:18
АКБ Samsung A31/A32/A22 (EB-BA315ABY) HC,650,500,/sku/65828/akb_samsung_a31_a32_a22_eb_ba315aby_hc,2025-11-29 10:58:18
АКБ Infinix Hot 11S/12 Pro (BL-49GX) HC,750,560,/sku/77986/akb_infinix_hot_11s_12_pro_bl_49gx_hc,2025-11-29 10:58:18
"АКБ универсальный 041730P  (4*17*30mm, 300 mAh)",160,140,/sku/60640/akb_universalnyy_041730p_4_17_30mm_300_mah,2025-11-29 10:58:18
"АКБ универсальный 041517P  (4*15*17mm, 180 mAh)",150,130,/sku/60595/akb_universalnyy_041517p_4_15_17mm_180_mah,2025-11-29 10:58:18
АКБ Samsung S23 (EB-BS912ABY) Original,750,560,/sku/82851/akb_samsung_s23_eb_bs912aby_original,2025-11-29 10:58:18
АКБ Nokia BL-4D 1150mAh HC,330,280,/sku/25303/akb_nokia_bl_4d_1150mah_hc,2025-11-29 10:58:18
"АКБ универсальный 045060P (4*50*60mm, 2000 mAh)",250,210,/sku/60658/akb_universalnyy_045060p_4_50_60mm_2000_mah,2025-11-29 10:58:18
АКБ Watch Series 3 42 mm Original,490,420,/sku/60310/akb_watch_series_3_42_mm_original,2025-11-29 10:58:18
Ячейка (банка) АКБ iPhone XS Max 1кл,850,660,/sku/76499/ycheyka_banka_akb_iphone_xs_max_1kl,2025-11-29 10:58:18
АКБ Samsung A013F A01 Core (EB-BA013ABY) HC,650,500,/sku/72215/akb_samsung_a013f_a01_core_eb_ba013aby_hc,2025-11-29 10:58:18
"АКБ универсальный 042030P  (4*20*30mm, 320 mAh)",160,140,/sku/60641/akb_universalnyy_042030p_4_20_30mm_320_mah,2025-11-29 10:58:18
АКБ Samsung N910 Note 4 с NFC (EB-BN910BBE) HC,650,510,/sku/56278/akb_samsung_n910_note_4_s_nfc_eb_bn910bbe_hc,2025-11-29 10:58:18
"АКБ универсальный 041010P  (4*10*10mm, 50 mAh)",150,130,/sku/72952/akb_universalnyy_041010p_4_10_10mm_50_mah,2025-11-29 10:58:18
АКБ Honor X8 (HB416492EFW) HC,850,600,/sku/80082/akb_honor_x8_hb416492efw_hc,2025-11-29 10:58:18
АКБ Samsung A155F A15 4G/A156B A15 5G (EB-BA156ABY) HC,650,500,/sku/84807/akb_samsung_a155f_a15_4g_a156b_a15_5g_eb_ba156aby_hc,2025-11-29 10:58:18
"АКБ Samsung A20/A30/A50/A30S/A50S (EB-BA-205ABN/EB-BA505ABU) ""GSM""",950,760,/sku/79342/akb_samsung_a20_a30_a50_a30s_a50s_eb_ba_205abn_eb_ba505abu_gsm,2025-11-29 10:58:18
"АКБ универсальный 046575P (4*65*75mm, 3000 mAh)",250,210,/sku/60669/akb_universalnyy_046575p_4_65_75mm_3000_mah,2025-11-29 10:58:18
"АКБ универсальный 3770125P  (3.7*70*125mm, 5000 mAh)",350,310,/sku/65866/akb_universalnyy_3770125p_3_7_70_125mm_5000_mah,2025-11-29 10:58:18
"АКБ Samsung S10E (EB-BG970ABU) ""GSM""",850,760,/sku/79345/akb_samsung_s10e_eb_bg970abu_gsm,2025-11-29 10:58:18
АКБ Honor 5C/6C Pro/7A Pro/9 Lite/9i/Huawei P9 (HB366481ECW) ''GSM'',950,700,/sku/82839/akb_honor_5c_6c_pro_7a_pro_9_lite_9i_huawei_p9_hb366481ecw_gsm,2025-11-29 10:58:18
АКБ iPhone 15 Original,2 000,1 550,/sku/86002/akb_iphone_15_original,2025-11-29 10:58:18
АКБ Xiaomi Redmi 12 4G BM5R HC,750,660,/sku/84818/akb_xiaomi_redmi_12_4g_bm5r_hc,2025-11-29 10:58:18
АКБ Samsung N970F/N971F/N971N Note 10 (EB-BN970ABU) Original,750,560,/sku/70783/akb_samsung_n970f_n971f_n971n_note_10_eb_bn970abu_original,2025-11-29 10:58:18
"АКБ универсальный 802030P (8*20*30mm, 700 mAh)",220,180,/sku/60677/akb_universalnyy_802030p_8_20_30mm_700_mah,2025-11-29 10:58:18
АКБ Xiaomi Mi 11 BM4X HC,890,760,/sku/77977/akb_xiaomi_mi_11_bm4x_hc,2025-11-29 10:58:18
АКБ Samsung A22S 5G/A04 (SCUD-WT-W1) HC,650,500,/sku/77998/akb_samsung_a22s_5g_a04_scud_wt_w1_hc,2025-11-29 10:58:18
Ячейка (банка) АКБ iPhone 15 1кл,1 100,920,/sku/84801/ycheyka_banka_akb_iphone_15_1kl,2025-11-29 10:58:18
АКБ Xiaomi Redmi 10C/Redmi 10A BN5G HC,750,660,/sku/77978/akb_xiaomi_redmi_10c_redmi_10a_bn5g_hc,2025-11-29 10:58:18
АКБ Watch Series 4 44 mm Original,850,670,/sku/60312/akb_watch_series_4_44_mm_original,2025-11-29 10:58:18
АКБ Samsung S20 Plus (EB-BG985ABY) HC,350,350,/sku/68679/akb_samsung_s20_plus_eb_bg985aby_hc,2025-11-29 10:58:18
АКБ iPhone XS ''GSM'',1 450,1 150,/sku/79328/akb_iphone_xs_gsm,2025-11-29 10:58:18
АКБ Xiaomi Mi 9T/Redmi K20 BP41 HC,750,600,/sku/63582/akb_xiaomi_mi_9t_redmi_k20_bp41_hc,2025-11-29 10:58:18
АКБ Samsung S10 Plus (EB-BG975ABU) Original,750,560,/sku/78494/akb_samsung_s10_plus_eb_bg975abu_original,2025-11-29 10:58:18
"АКБ универсальный 041012P  (4*10*12mm, 140 mAh)",150,130,/sku/60596/akb_universalnyy_041012p_4_10_12mm_140_mah,2025-11-29 10:58:18
АКБ iPad Pro 11 (2018) Original,1 950,1 770,/sku/67942/akb_ipad_pro_11_2018_original,2025-11-29 10:58:18
АКБ Infinix Note 30 Pro/30 VIP/Zero 30 (4G/5G)) (BL-49PX) HC,750,560,/sku/86151/akb_infinix_note_30_pro_30_vip_zero_30_4g_5g_bl_49px_hc,2025-11-29 10:58:18
АКБ iPhone 6S Plus Original,850,620,/sku/38010/akb_iphone_6s_plus_original,2025-11-29 10:58:18
"АКБ универсальный 042025P  (4*20*25mm, 300 mAh)",190,160,/sku/60615/akb_universalnyy_042025p_4_20_25mm_300_mah,2025-11-29 10:58:18
Ячейка (банка) АКБ iPhone 14 1кл,1 000,900,/sku/81067/ycheyka_banka_akb_iphone_14_1kl,2025-11-29 10:58:18
АКБ Samsung S20 Plus (EB-BG985ABY) Original,750,560,/sku/78497/akb_samsung_s20_plus_eb_bg985aby_original,2025-11-29 10:58:18
"АКБ универсальный 045065P (4*50*65mm, 2200 mAh)",250,210,/sku/60659/akb_universalnyy_045065p_4_50_65mm_2200_mah,2025-11-29 10:58:18
АКБ Xiaomi 12 Pro BP45 HC,1 200,1 050,/sku/84813/akb_xiaomi_12_pro_bp45_hc,2025-11-29 10:58:18
АКБ Oppo A15/A15S (BLP817) HC,790,610,/sku/77967/akb_oppo_a15_a15s_blp817_hc,2025-11-29 10:58:18
"АКБ Samsung S8 Plus (EB-BG955ABA/EB-BG955ABE) ""GSM""",950,710,/sku/79348/akb_samsung_s8_plus_eb_bg955aba_eb_bg955abe_gsm,2025-11-29 10:58:18
"АКБ универсальный 046080P  (4*60*80mm, 3500 mAh)",250,210,/sku/60724/akb_universalnyy_046080p_4_60_80mm_3500_mah,2025-11-29 10:58:18
АКБ Xiaomi Mi 10 Lite BM4R HC,750,560,/sku/77976/akb_xiaomi_mi_10_lite_bm4r_hc,2025-11-29 10:58:18
АКБ Samsung S7 Edge (EB-BG935ABE) Original,750,560,/sku/51998/akb_samsung_s7_edge_eb_bg935abe_original,2025-11-29 10:58:18
АКБ Oppo A5 2020/A9 2020 (BLP727) HC,790,610,/sku/77968/akb_oppo_a5_2020_a9_2020_blp727_hc,2025-11-29 10:58:18
АКБ Samsung A3 (2017) (EB-BA320ABE) Original,650,500,/sku/51987/akb_samsung_a3_2017_eb_ba320abe_original,2025-11-29 10:58:18
"АКБ универсальный 044555P (4*45*55mm, 1800 mAh)",250,210,/sku/60657/akb_universalnyy_044555p_4_45_55mm_1800_mah,2025-11-29 10:58:18
АКБ iPhone SE (2016) Original,850,670,/sku/59349/akb_iphone_se_2016_original,2025-11-29 10:58:18
АКБ Samsung M307F M30s/M215F M21/M315F M31/M127F M12 (2020) (EB-BM207ABY) Original,850,660,/sku/80647/akb_samsung_m307f_m30s_m215f_m21_m315f_m31_m127f_m12_2020_eb_bm207aby_original,2025-11-29 10:58:18
АКБ iPhone 15 Plus Original,2 000,1 550,/sku/86005/akb_iphone_15_plus_original,2025-11-29 10:58:18
АКБ Samsung J3 (2017) (EB-BJ330ABE) Original,590,460,/sku/51992/akb_samsung_j3_2017_eb_bj330abe_original,2025-11-29 10:58:18
Ячейка (банка) АКБ iPhone 14 Pro Max 1кл,1 100,920,/sku/81069/ycheyka_banka_akb_iphone_14_pro_max_1kl,2025-11-29 10:58:18
"АКБ iPhone 14 Plus ''JCID'' (4325mAh) (Diagnosible, без ошибки, без пайки)",1 650,1 570,/sku/85934/akb_iphone_14_plus_jcid_4325mah_diagnosible_bez_oshibki_bez_payki,2025-11-29 10:58:18
"АКБ универсальный 046075P (4*60*75mm, 3000 mAh)",250,210,/sku/65863/akb_universalnyy_046075p_4_60_75mm_3000_mah,2025-11-29 10:58:18
АКБ Samsung N770F Note 10 Lite (EB-BN770ABY) Original,650,500,/sku/72324/akb_samsung_n770f_note_10_lite_eb_bn770aby_original,2025-11-29 10:58:18
АКБ Samsung S8 (EB-BG950ABA/EB-BG950ABE) Original,750,560,/sku/52001/akb_samsung_s8_eb_bg950aba_eb_bg950abe_original,2025-11-29 10:58:18
АКБ Samsung A8+ (2018) (EB-BA730ABE) HC,650,500,/sku/53658/akb_samsung_a8_2018_eb_ba730abe_hc,2025-11-29 10:58:18
"АКБ универсальный 3450122P  (3.4*50*122mm, 3500 mAh)",290,210,/sku/65864/akb_universalnyy_3450122p_3_4_50_122mm_3500_mah,2025-11-29 10:58:18
АКБ Samsung A03/A14 4G (HQ-50SD) Original,750,560,/sku/80643/akb_samsung_a03_a14_4g_hq_50sd_original,2025-11-29 10:58:18
АКБ Samsung i8160/J1 mini (EB425161LU) HC,550,450,/sku/25067/akb_samsung_i8160_j1_mini_eb425161lu_hc,2025-11-29 10:58:18
"АКБ универсальный 044055P (4*40*55mm, 1800 mAh)",250,210,/sku/65862/akb_universalnyy_044055p_4_40_55mm_1800_mah,2025-11-29 10:58:18
АКБ Samsung N980F Note 20 (EB-BN980ABY) Original,750,600,/sku/70785/akb_samsung_n980f_note_20_eb_bn980aby_original,2025-11-29 10:58:18
АКБ Xiaomi Mi 11T BM59 HC,1 100,920,/sku/77974/akb_xiaomi_mi_11t_bm59_hc,2025-11-29 10:58:18
"АКБ универсальный 377093P (3.7*70*93mm, 3500 mAh)",350,310,/sku/60696/akb_universalnyy_377093p_3_7_70_93mm_3500_mah,2025-11-29 10:58:18
АКБ Samsung A52/S20 FE (EB-BG781ABY) HC,550,400,/sku/71477/akb_samsung_a52_s20_fe_eb_bg781aby_hc,2025-11-29 10:58:18
"АКБ универсальный 0470110P  (4*70*110mm, 5000 mAh)",250,210,/sku/60721/akb_universalnyy_0470110p_4_70_110mm_5000_mah,2025-11-29 10:58:18
АКБ Samsung J5 (2016) (EB-BJ510CBC) Original,650,510,/sku/51994/akb_samsung_j5_2016_eb_bj510cbc_original,2025-11-29 10:58:18
АКБ Samsung G530H/J250/J320/J500 (EB-BG530CBE) Original,750,560,/sku/51993/akb_samsung_g530h_j250_j320_j500_eb_bg530cbe_original,2025-11-29 10:58:18
АКБ iPad 3/iPad 4 (A1389) Original,1 490,1 120,/sku/38006/akb_ipad_3_ipad_4_a1389_original,2025-11-29 10:58:18
"АКБ универсальный 040910P (4*9*10mm, 35 mAh)",150,130,/sku/68544/akb_universalnyy_040910p_4_9_10mm_35_mah,2025-11-29 10:58:18
АКБ Samsung M317F M31S (EB-BM317ABY) HC,650,500,/sku/78002/akb_samsung_m317f_m31s_eb_bm317aby_hc,2025-11-29 10:58:18
Ячейка (банка) АКБ iPhone XS 1кл,850,660,/sku/76498/ycheyka_banka_akb_iphone_xs_1kl,2025-11-29 10:58:18
АКБ Samsung A72/M22/M32 (EB-BA426ABY) HC,650,500,/sku/78001/akb_samsung_a72_m22_m32_eb_ba426aby_hc,2025-11-29 10:58:18
"АКБ универсальный 042048P  (4*20*48mm, 500 mAh)",160,140,/sku/60644/akb_universalnyy_042048p_4_20_48mm_500_mah,2025-11-29 10:58:18
АКБ Xiaomi Mi Max 3 BM51 HC,750,600,/sku/57228/akb_xiaomi_mi_max_3_bm51_hc,2025-11-29 10:58:18
"АКБ универсальный 046090P (4*60*90mm, 3500 mAh)",250,210,/sku/60691/akb_universalnyy_046090p_4_60_90mm_3500_mah,2025-11-29 10:58:18
"АКБ универсальный 045080P (4*50*80mm, 2500 mAh)",250,210,/sku/60665/akb_universalnyy_045080p_4_50_80mm_2500_mah,2025-11-29 10:58:18
АКБ Honor 20 Pro/View 20/Huawei Mate 10/Mate 10 Pro/Mate 20/P20 Pro (HB436486ECW) HC,750,600,/sku/53608/akb_honor_20_pro_view_20_huawei_mate_10_mate_10_pro_mate_20_p20_pro_hb436486ecw_hc,2025-11-29 10:58:18
АКБ Xiaomi Redmi Note 12 4G BN5M HC,950,800,/sku/84821/akb_xiaomi_redmi_note_12_4g_bn5m_hc,2025-11-29 10:58:18
АКБ Samsung A20/A30/A50/A30S/A50S (EB-BA-205ABN/EB-BA505ABU) HC,650,500,/sku/63577/akb_samsung_a20_a30_a50_a30s_a50s_eb_ba_205abn_eb_ba505abu_hc,2025-11-29 10:58:18
"АКБ универсальный 042040P  (4*20*40mm, 450 mAh)",160,140,/sku/60643/akb_universalnyy_042040p_4_20_40mm_450_mah,2025-11-29 10:58:18
АКБ Samsung A23/A73 5G/M23 5G/M33 5G/M52 5G/M53 5G (EB-BM526ABY) HC,550,430,/sku/77999/akb_samsung_a23_a73_5g_m23_5g_m33_5g_m52_5g_m53_5g_eb_bm526aby_hc,2025-11-29 10:58:18
АКБ iPhone 5 Original,490,310,/sku/37571/akb_iphone_5_original,2025-11-29 10:58:18
АКБ Samsung M015F M01 (SM-M015F) HC,650,470,/sku/72214/akb_samsung_m015f_m01_sm_m015f_hc,2025-11-29 10:58:18
"АКБ универсальный 043540P  (4*35*40mm, 700 mAh)",270,180,/sku/70218/akb_universalnyy_043540p_4_35_40mm_700_mah,2025-11-29 10:58:18
АКБ Xiaomi Redmi 12C BN5K HC,750,660,/sku/84817/akb_xiaomi_redmi_12c_bn5k_hc,2025-11-29 10:58:18
АКБ Xiaomi Mi 9 BM3L HC,750,560,/sku/63588/akb_xiaomi_mi_9_bm3l_hc,2025-11-29 10:58:18
АКБ Samsung A71 (EB-BA715ABY) Original,750,560,/sku/80639/akb_samsung_a71_eb_ba715aby_original,2025-11-29 10:58:18
АКБ Samsung A7 (2017) (EB-BA720ABE) Original,350,350,/sku/51991/akb_samsung_a7_2017_eb_ba720abe_original,2025-11-29 10:58:18
АКБ Samsung A8 (2018) (EB-BA530ABE) HC,650,500,/sku/53659/akb_samsung_a8_2018_eb_ba530abe_hc,2025-11-29 10:58:18
АКБ Samsung S20 Plus (EB-BG985ABY) ''GSM'',950,760,/sku/82847/akb_samsung_s20_plus_eb_bg985aby_gsm,2025-11-29 10:58:18
АКБ Oppo A1K/Realme C2 (BLP711) HC,790,610,/sku/77969/akb_oppo_a1k_realme_c2_blp711_hc,2025-11-29 10:58:18
АКБ Realme C25Y (BLP771) HC,790,600,/sku/86153/akb_realme_c25y_blp771_hc,2025-11-29 10:58:18
"АКБ универсальный 3455122P  (3.4*55*122mm, 3500 mAh)",290,210,/sku/60727/akb_universalnyy_3455122p_3_4_55_122mm_3500_mah,2025-11-29 10:58:18
"АКБ универсальный 045050P  (4*50*50mm, 1800 mAh)",250,210,/sku/60654/akb_universalnyy_045050p_4_50_50mm_1800_mah,2025-11-29 10:58:18
АКБ Honor X7a/X7a Plus (HB5066A1EGW-A) HC,850,600,/sku/84824/akb_honor_x7a_x7a_plus_hb5066a1egw_a_hc,2025-11-29 10:58:18
АКБ Samsung J1 (2016) (EB-BJ120CBE) HC,590,360,/sku/50654/akb_samsung_j1_2016_eb_bj120cbe_hc,2025-11-29 10:58:18
АКБ AirPods Pro правая HC,550,460,/sku/69532/akb_airpods_pro_pravaya_hc,2025-11-29 10:58:18
АКБ Samsung S7 (EB-BG930ABE) Original,750,560,/sku/51997/akb_samsung_s7_eb_bg930abe_original,2025-11-29 10:58:18
АКБ Xiaomi Mi A3/Mi 9 Lite/Mi CC9 BM-4F HC,750,600,/sku/63584/akb_xiaomi_mi_a3_mi_9_lite_mi_cc9_bm_4f_hc,2025-11-29 10:58:18
АКБ Xiaomi Mi Max 2 BM50 HC,750,600,/sku/48431/akb_xiaomi_mi_max_2_bm50_hc,2025-11-29 10:58:18
АКБ Samsung S6 (EB-BG920ABE) Original,590,470,/sku/51999/akb_samsung_s6_eb_bg920abe_original,2025-11-29 10:58:18
"АКБ универсальный 045085P (4*50*85mm, 2500 mAh)",250,210,/sku/60668/akb_universalnyy_045085p_4_50_85mm_2500_mah,2025-11-29 10:58:18
Ячейка (банка) АКБ iPhone 15 Pro 1кл,1 100,920,/sku/84802/ycheyka_banka_akb_iphone_15_pro_1kl,2025-11-29 10:58:18
АКБ Samsung A70 (EB-BA705ABU) HC,650,500,/sku/63578/akb_samsung_a70_eb_ba705abu_hc,2025-11-29 10:58:18
"АКБ универсальный 041235P  (4*12*35mm, 350 mAh)",250,160,/sku/60611/akb_universalnyy_041235p_4_12_35mm_350_mah,2025-11-29 10:58:18
АКБ Samsung A51 (EB-BA515ABY) HC,650,500,/sku/68606/akb_samsung_a51_eb_ba515aby_hc,2025-11-29 10:58:18
АКБ Xiaomi Mi A2 Lite/Redmi 6 Pro BN47 HC,750,600,/sku/57227/akb_xiaomi_mi_a2_lite_redmi_6_pro_bn47_hc,2025-11-29 10:58:18
АКБ Xiaomi Mi Mix 2/Mi Mix 2S BM3B HC,750,600,/sku/57236/akb_xiaomi_mi_mix_2_mi_mix_2s_bm3b_hc,2025-11-29 10:58:18
Ячейка (банка) АКБ iPhone 13 Mini 1кл,850,660,/sku/81063/ycheyka_banka_akb_iphone_13_mini_1kl,2025-11-29 10:58:18
АКБ Infinix Hot 50 4G/50i (BL-5ABX) HC,690,500,/sku/86150/akb_infinix_hot_50_4g_50i_bl_5abx_hc,2025-11-29 10:58:18
АКБ Honor X5/X6/X7/X8 (5G)/Nova Y61/Nova Y71 (HB496590EFW-F) HC,850,600,/sku/80081/akb_honor_x5_x6_x7_x8_5g_nova_y61_nova_y71_hb496590efw_f_hc,2025-11-29 10:58:18
АКБ Xiaomi Mi Mix 3 BM3K HC,750,600,/sku/63587/akb_xiaomi_mi_mix_3_bm3k_hc,2025-11-29 10:58:18
АКБ iPhone 11 Pro ''GSM'',1 750,1 450,/sku/79332/akb_iphone_11_pro_gsm,2025-11-29 10:58:18
АКБ Xiaomi Redmi Note 12 Pro (4G-5G)/Poco X5 Pro 5G/Poco F5 BP4K HC,990,860,/sku/84822/akb_xiaomi_redmi_note_12_pro_4g_5g_poco_x5_pro_5g_poco_f5_bp4k_hc,2025-11-29 10:58:18
АКБ iPhone 13 Pro ''GSM'',2 100,1 600,/sku/79338/akb_iphone_13_pro_gsm,2025-11-29 10:58:18
Ячейка (банка) АКБ iPhone 13 Pro Max 1кл,1 000,900,/sku/81066/ycheyka_banka_akb_iphone_13_pro_max_1kl,2025-11-29 10:58:18
АКБ Samsung A10s/A20s (SCUD-WT-N6) Original,650,460,/sku/70791/akb_samsung_a10s_a20s_scud_wt_n6_original,2025-11-29 10:58:18
АКБ Xiaomi Redmi Note 10T/Redmi Note 10 (5G)/Redmi 10/Redmi 10 (2022)/Poco M3 Pro BN5A HC,850,660,/sku/72227/akb_xiaomi_redmi_note_10t_redmi_note_10_5g_redmi_10_redmi_10_2022_poco_m3_pro_bn5a_hc,2025-11-29 10:58:18
"АКБ универсальный 040830P  (4*08*30mm, 200 mAh)",150,130,/sku/60608/akb_universalnyy_040830p_4_08_30mm_200_mah,2025-11-29 10:58:18
АКБ Xiaomi Redmi Note 5/Note 5 Pro BN45 HC,650,500,/sku/57231/akb_xiaomi_redmi_note_5_note_5_pro_bn45_hc,2025-11-29 10:58:18
"АКБ iPhone 14 ''JCID'' (3279mAh) (Diagnosible, без ошибки, без пайки)",1 590,1 420,/sku/85933/akb_iphone_14_jcid_3279mah_diagnosible_bez_oshibki_bez_payki,2025-11-29 10:58:18
АКБ Watch Series 4 40 mm Original,850,670,/sku/60311/akb_watch_series_4_40_mm_original,2025-11-29 10:58:18
АКБ iPhone 14 Plus Original,1 950,1 450,/sku/84485/akb_iphone_14_plus_original,2025-11-29 10:58:18
АКБ Xiaomi Redmi 8/8A BN51 HC,650,500,/sku/63581/akb_xiaomi_redmi_8_8a_bn51_hc,2025-11-29 10:58:18
АКБ Tecno Camon 20/20 Pro (4G/5G)/20 Pro+ (BL-49OT) HC,750,560,/sku/84809/akb_tecno_camon_20_20_pro_4g_5g_20_pro_bl_49ot_hc,2025-11-29 10:58:18
АКБ Samsung A40 (2019) (EB-BA405ABE) Original,750,560,/sku/70780/akb_samsung_a40_2019_eb_ba405abe_original,2025-11-29 10:58:18
АКБ Samsung A03 Core (SLC-50) Original,650,460,/sku/80642/akb_samsung_a03_core_slc_50_original,2025-11-29 10:58:18
Ячейка (банка) АКБ iPhone 11 Pro 1кл,950,770,/sku/76496/ycheyka_banka_akb_iphone_11_pro_1kl,2025-11-29 10:58:18
"АКБ универсальный 3555140P  (3.5*55*140mm, 3500 mAh)",290,260,/sku/60725/akb_universalnyy_3555140p_3_5_55_140mm_3500_mah,2025-11-29 10:58:18
АКБ Samsung Tab A7 Lite 8.7'' Wi-Fi T220/LTE T225 (HQ-3565S) HC,790,670,/sku/77960/akb_samsung_tab_a7_lite_8_7_wi_fi_t220_lte_t225_hq_3565s_hc,2025-11-29 10:58:18
"АКБ универсальный 3555130P (3.5*55*130mm, 4000 mAh)",250,210,/sku/68293/akb_universalnyy_3555130p_3_5_55_130mm_4000_mah,2025-11-29 10:58:18
АКБ Watch Series 5 40 mm Original,750,570,/sku/72814/akb_watch_series_5_40_mm_original,2025-11-29 10:58:18
"АКБ Nokia BP-4L, 1500 mAh HC",330,290,/sku/25064/akb_nokia_bp_4l_1500_mah_hc,2025-11-29 10:58:18
Ячейка (банка) АКБ iPhone XR 1кл,750,620,/sku/79321/ycheyka_banka_akb_iphone_xr_1kl,2025-11-29 10:58:18
АКБ Xiaomi Redmi Note 11 Pro 4G/Redmi Note 11 Pro 5G/Poco X4 Pro 5G BN5E HC,950,800,/sku/77981/akb_xiaomi_redmi_note_11_pro_4g_redmi_note_11_pro_5g_poco_x4_pro_5g_bn5e_hc,2025-11-29 10:58:18
"АКБ универсальный 046570P (4*65*70mm, 3000 mAh)",250,210,/sku/60672/akb_universalnyy_046570p_4_65_70mm_3000_mah,2025-11-29 10:58:18
"АКБ Samsung S9 (EB-BG960ABE) ""GSM""",950,710,/sku/79349/akb_samsung_s9_eb_bg960abe_gsm,2025-11-29 10:58:18
АКБ iPad MINI4 Original,950,910,/sku/38002/akb_ipad_mini4_original,2025-11-29 10:58:18
"АКБ универсальный 306070P (3*60*70mm, 2500 mAh)",250,210,/sku/60663/akb_universalnyy_306070p_3_60_70mm_2500_mah,2025-11-29 10:58:18
АКБ Xiaomi Redmi 9A/9C/Redmi A1/Redmi A1+/Poco C31/Poco M2/Poco M2 Pro/Poco C3 BN56 HC,750,600,/sku/70678/akb_xiaomi_redmi_9a_9c_redmi_a1_redmi_a1_poco_c31_poco_m2_poco_m2_pro_poco_c3_bn56_hc,2025-11-29 10:58:18
АКБ Samsung A015 A01 (QL1695) HC,550,430,/sku/68570/akb_samsung_a015_a01_ql1695_hc,2025-11-29 10:58:18
"АКБ универсальный 603030P (6*30*30mm, 700 mAh)",220,180,/sku/60676/akb_universalnyy_603030p_6_30_30mm_700_mah,2025-11-29 10:58:18
"АКБ универсальный 3040107P (3.0*40*107mm, 3000 mAh)",190,160,/sku/60688/akb_universalnyy_3040107p_3_0_40_107mm_3000_mah,2025-11-29 10:58:18
Ячейка (банка) АКБ iPhone 15 Pro Max 1кл,1 100,920,/sku/84803/ycheyka_banka_akb_iphone_15_pro_max_1kl,2025-11-29 10:58:18
АКБ Samsung A33 5G/A53 5G (EB-BA536ABY) Original,750,560,/sku/80646/akb_samsung_a33_5g_a53_5g_eb_ba536aby_original,2025-11-29 10:58:18
АКБ Xiaomi Mi 6X/Mi A2 BN36 HC,750,560,/sku/63592/akb_xiaomi_mi_6x_mi_a2_bn36_hc,2025-11-29 10:58:18
АКБ Samsung A02S/A03S (HQ-50S) Original,650,460,/sku/80641/akb_samsung_a02s_a03s_hq_50s_original,2025-11-29 10:58:18
АКБ Xiaomi Redmi 7A BN49 HC,650,500,/sku/63586/akb_xiaomi_redmi_7a_bn49_hc,2025-11-29 10:58:18
АКБ Tecno Pova 2/Pova 3 (BL-68AT) HC,790,670,/sku/77994/akb_tecno_pova_2_pova_3_bl_68at_hc,2025-11-29 10:58:18
"АКБ универсальный 032323P  (3*23*23mm, 300 mAh)",150,130,/sku/60614/akb_universalnyy_032323p_3_23_23mm_300_mah,2025-11-29 10:58:18
АКБ iPhone 15 Pro Original,2 100,1 650,/sku/86003/akb_iphone_15_pro_original,2025-11-29 10:58:18
АКБ Watch Series 5 44 mm Original,750,570,/sku/72815/akb_watch_series_5_44_mm_original,2025-11-29 10:58:18
АКБ iPhone XR ''GSM'',1 500,1 150,/sku/79330/akb_iphone_xr_gsm,2025-11-29 10:58:18
АКБ Samsung A10/A7 (2018) (EB-BA750ABU) HC,650,500,/sku/63571/akb_samsung_a10_a7_2018_eb_ba750abu_hc,2025-11-29 10:58:18
"АКБ универсальный 045565P (4*55*65mm, 2200 mAh)",250,210,/sku/60661/akb_universalnyy_045565p_4_55_65mm_2200_mah,2025-11-29 10:58:18
АКБ iPhone 13 Mini ''GSM'',1 950,1 450,/sku/79340/akb_iphone_13_mini_gsm,2025-11-29 10:58:18
АКБ Xiaomi Redmi Note 13 Pro 5G/Poco X6 5G BM5V HC,890,700,/sku/86161/akb_xiaomi_redmi_note_13_pro_5g_poco_x6_5g_bm5v_hc,2025-11-29 10:58:18
"АКБ Nokia BP-5M, 850 mAh HC",330,290,/sku/26102/akb_nokia_bp_5m_850_mah_hc,2025-11-29 10:58:18
АКБ Honor 8C/Huawei Y7 (2017)/Huawei Mate 9 (HB406689ECW) HC,750,560,/sku/53596/akb_honor_8c_huawei_y7_2017_huawei_mate_9_hb406689ecw_hc,2025-11-29 10:58:18
"АКБ Huawei MediaPad M5 Lite 8.4"" HC",750,500,/sku/61961/akb_huawei_mediapad_m5_lite_8_4_hc,2025-11-29 10:58:18
"АКБ Samsung A51 (EB-BA515ABY) ""GSM""",950,760,/sku/79343/akb_samsung_a51_eb_ba515aby_gsm,2025-11-29 10:58:18
АКБ Xiaomi Redmi A3/A3X/Poco C61 BN5R HC,850,700,/sku/84820/akb_xiaomi_redmi_a3_a3x_poco_c61_bn5r_hc,2025-11-29 10:58:18
АКБ Honor 7X/20S/Nova 2 Plus/Nova 2i/P30 Lite (HB356687ECW) ''GSM'',890,700,/sku/82841/akb_honor_7x_20s_nova_2_plus_nova_2i_p30_lite_hb356687ecw_gsm,2025-11-29 10:58:18
"АКБ универсальный 041230P  (4*12*30mm, 300 mAh)",160,140,/sku/70216/akb_universalnyy_041230p_4_12_30mm_300_mah,2025-11-29 10:58:18
"АКБ универсальный 3790105P  (3.7*90*105mm, 5000 mAh)",350,310,/sku/60726/akb_universalnyy_3790105p_3_7_90_105mm_5000_mah,2025-11-29 10:58:18
"АКБ универсальный 041225P  (4*12*25mm, 200 mAh)",160,140,/sku/60612/akb_universalnyy_041225p_4_12_25mm_200_mah,2025-11-29 10:58:18
АКБ iPhone 11 Pro Max ''GSM'',1 950,1 500,/sku/79333/akb_iphone_11_pro_max_gsm,2025-11-29 10:58:18
АКБ Xiaomi Redmi 10C/Redmi 10A BN5G ''GSM'',950,870,/sku/82857/akb_xiaomi_redmi_10c_redmi_10a_bn5g_gsm,2025-11-29 10:58:18
АКБ Watch Series 6 40mm Original,750,610,/sku/79707/akb_watch_series_6_40mm_original,2025-11-29 10:58:18
АКБ Samsung L700/S5600/S3650/S5292 (AB463651BE) HC,450,410,/sku/25285/akb_samsung_l700_s5600_s3650_s5292_ab463651be_hc,2025-11-29 10:58:18
АКБ Honor 10/Huawei P20 (HB396285ECW) ''GSM'',990,700,/sku/82837/akb_honor_10_huawei_p20_hb396285ecw_gsm,2025-11-29 10:58:18
"АКБ универсальный 042035P  (4*20*35mm, 350 mAh)",160,140,/sku/60642/akb_universalnyy_042035p_4_20_35mm_350_mah,2025-11-29 10:58:18
АКБ Samsung A10/A7 (2018) (EB-BA750ABU) Original,750,560,/sku/70787/akb_samsung_a10_a7_2018_eb_ba750abu_original,2025-11-29 10:58:18
АКБ Xiaomi 12T/12T Pro BM5J HC,1 200,1 050,/sku/84815/akb_xiaomi_12t_12t_pro_bm5j_hc,2025-11-29 10:58:18
АКБ Xiaomi Mi8 Lite BM3J HC,650,500,/sku/57239/akb_xiaomi_mi8_lite_bm3j_hc,2025-11-29 10:58:18
АКБ Samsung A02S/A03S (HQ-50S) HC,550,400,/sku/72216/akb_samsung_a02s_a03s_hq_50s_hc,2025-11-29 10:58:18
АКБ Honor 9/Honor 9 Premium/Huawei P10 (HB386280ECW) HC,750,560,/sku/45314/akb_honor_9_honor_9_premium_huawei_p10_hb386280ecw_hc,2025-11-29 10:58:18
АКБ Xiaomi Mi Note 10/Mi Note 10 Lite/Mi Note 10 Pro BM52 HC,950,760,/sku/72226/akb_xiaomi_mi_note_10_mi_note_10_lite_mi_note_10_pro_bm52_hc,2025-11-29 10:58:18
АКБ Xiaomi Redmi Note 13 Pro 4G/Poco M6 Pro BM5T (B) HC,890,700,/sku/86173/akb_xiaomi_redmi_note_13_pro_4g_poco_m6_pro_bm5t_b_hc,2025-11-29 10:58:18
АКБ для часов Q50/TD-26/S02/G900A/E02/E15,200,170,/sku/48728/akb_dlya_chasov_q50_td_26_s02_g900a_e02_e15,2025-11-29 10:58:18
АКБ Samsung J700F J7/J400F J4 (2018)/J701F J7 Neo (EB-BJ700BBC) HC,650,500,/sku/31758/akb_samsung_j700f_j7_j400f_j4_2018_j701f_j7_neo_eb_bj700bbc_hc,2025-11-29 10:58:18
"АКБ Nokia BL-4U, 1000 mAh HC",330,280,/sku/25270/akb_nokia_bl_4u_1000_mah_hc,2025-11-29 10:58:18
АКБ Samsung N960U Note 9 (EB-BN965ABU) HC,750,560,/sku/53655/akb_samsung_n960u_note_9_eb_bn965abu_hc,2025-11-29 10:58:18
АКБ Nokia BL-5CT 1050 mAh HC,350,300,/sku/25060/akb_nokia_bl_5ct_1050_mah_hc,2025-11-29 10:58:18
"АКБ универсальный 3585155P  (3.5*85*155mm, 7000 mAh)",350,310,/sku/60730/akb_universalnyy_3585155p_3_5_85_155mm_7000_mah,2025-11-29 10:58:18
АКБ Samsung S20 Ultra (EB-BG988ABY) HC,590,410,/sku/68680/akb_samsung_s20_ultra_eb_bg988aby_hc,2025-11-29 10:58:18
АКБ Xiaomi Redmi 9/Redmi Note 9 BN54 ''GSM'',950,760,/sku/82859/akb_xiaomi_redmi_9_redmi_note_9_bn54_gsm,2025-11-29 10:58:18
АКБ Samsung G530H/J250/J320/J500 (EB-BG530CBE) HC,650,500,/sku/30729/akb_samsung_g530h_j250_j320_j500_eb_bg530cbe_hc,2025-11-29 10:58:18
АКБ Xiaomi Poco C51/Redmi A2 Plus BN5F HC,790,600,/sku/86157/akb_xiaomi_poco_c51_redmi_a2_plus_bn5f_hc,2025-11-29 10:58:18
АКБ iPhone 12 Pro Max ''GSM'',1 950,1 500,/sku/79336/akb_iphone_12_pro_max_gsm,2025-11-29 10:58:18
"АКБ универсальный 3550145P (3,5*50*145mm, 4000 mAh)",250,210,/sku/68296/akb_universalnyy_3550145p_3_5_50_145mm_4000_mah,2025-11-29 10:58:18
АКБ Xiaomi Mi 9T Pro/Redmi K20 Pro BP40 HC,750,600,/sku/63583/akb_xiaomi_mi_9t_pro_redmi_k20_pro_bp40_hc,2025-11-29 10:58:18
"АКБ универсальный 30100140P (3*100*140mm, 8000 mAh)",450,400,/sku/68294/akb_universalnyy_30100140p_3_100_140mm_8000_mah,2025-11-29 10:58:18
АКБ Tecno Camon 17P/18/19 Neo/Spark 9 Pro (BL-49GT) HC,750,560,/sku/77991/akb_tecno_camon_17p_18_19_neo_spark_9_pro_bl_49gt_hc,2025-11-29 10:58:18
АКБ iPhone 15 Plus ''JCID'' (4383mAh),1 100,1 020,/sku/85938/akb_iphone_15_plus_jcid_4383mah,2025-11-29 10:58:18
АКБ Honor 10 Lite/10i/20i/Huawei P Smart 2019 (HB396286ECW) ''GSM'',990,810,/sku/82836/akb_honor_10_lite_10i_20i_huawei_p_smart_2019_hb396286ecw_gsm,2025-11-29 10:58:18
АКБ Tecno Camon 30 4G/30 Pro 5G (BL-49VT) HC,790,600,/sku/86156/akb_tecno_camon_30_4g_30_pro_5g_bl_49vt_hc,2025-11-29 10:58:18
АКБ Watch Series 3 38 mm Original,490,420,/sku/60309/akb_watch_series_3_38_mm_original,2025-11-29 10:58:18
"АКБ универсальный 043540P  (4*35*40mm, 600 mAh)",220,180,/sku/60651/akb_universalnyy_043540p_4_35_40mm_600_mah,2025-11-29 10:58:18
АКБ Honor 4A/5A/Huawei Y6/Y5 II (HB4342A1RBC) HC,490,360,/sku/41202/akb_honor_4a_5a_huawei_y6_y5_ii_hb4342a1rbc_hc,2025-11-29 10:58:18
АКБ Samsung J710F J7 (2016) (EB-BJ710CBE) HC,650,500,/sku/40175/akb_samsung_j710f_j7_2016_eb_bj710cbe_hc,2025-11-29 10:58:18
АКБ Realme 8 Pro/9 Pro Plus (BLP837) HC,790,600,/sku/86152/akb_realme_8_pro_9_pro_plus_blp837_hc,2025-11-29 10:58:18
АКБ iPhone 13 Pro Max ''GSM'',2 150,1 750,/sku/79339/akb_iphone_13_pro_max_gsm,2025-11-29 10:58:18
"АКБ универсальный 0470100P  (4*70*100mm, 3800 mAh)",250,210,/sku/60719/akb_universalnyy_0470100p_4_70_100mm_3800_mah,2025-11-29 10:58:18
АКБ Xiaomi Redmi Note 9S BN55 HC,850,600,/sku/72229/akb_xiaomi_redmi_note_9s_bn55_hc,2025-11-29 10:58:18
"АКБ универсальный 043048P  (4*30*48mm, 700 mAh)",190,160,/sku/60649/akb_universalnyy_043048p_4_30_48mm_700_mah,2025-11-29 10:58:18
"АКБ универсальный 046590P (4*65*90mm, 3500 mAh)",250,210,/sku/60693/akb_universalnyy_046590p_4_65_90mm_3500_mah,2025-11-29 10:58:18
АКБ iPhone 15 Pro Max ''JCID'' (4422mAh),1 400,1 320,/sku/85940/akb_iphone_15_pro_max_jcid_4422mah,2025-11-29 10:58:18
АКБ Xiaomi Redmi Note 6 Pro BN48 HC,650,500,/sku/63591/akb_xiaomi_redmi_note_6_pro_bn48_hc,2025-11-29 10:58:18
Ячейка (банка) АКБ iPhone 12 Mini 1кл,850,660,/sku/78337/ycheyka_banka_akb_iphone_12_mini_1kl,2025-11-29 10:58:18
АКБ iPad MINI2/MINI3 Original,950,910,/sku/38004/akb_ipad_mini2_mini3_original,2025-11-29 10:58:18
"АКБ iPhone 15 Plus ''JCID'' увеличенной емкости (4650 mAh) (Diagnosible, без ошибки, без пайки)",1 650,1 480,/sku/86300/akb_iphone_15_plus_jcid_uvelichennoy_emkosti_4650_mah_diagnosible_bez_oshibki_bez_payki,2025-11-29 10:58:18
"АКБ Nokia BL-4CT, 850 mAh HC",330,280,/sku/25057/akb_nokia_bl_4ct_850_mah_hc,2025-11-29 10:58:18
"АКБ Nokia BL-4B, 700 mAh HC",330,280,/sku/25055/akb_nokia_bl_4b_700_mah_hc,2025-11-29 10:58:18
АКБ Honor 6A/6C/7A/7S/8A/8S/9S/Huawei Y5 (2017) (HB405979ECW) HC,750,560,/sku/53590/akb_honor_6a_6c_7a_7s_8a_8s_9s_huawei_y5_2017_hb405979ecw_hc,2025-11-29 10:58:18
"АКБ универсальный 047585P (4*75*85mm, 3500 mAh)",250,210,/sku/60703/akb_universalnyy_047585p_4_75_85mm_3500_mah,2025-11-29 10:58:18
"АКБ универсальный 802035P (8*20*35mm, 800 mAh)",230,190,/sku/60682/akb_universalnyy_802035p_8_20_35mm_800_mah,2025-11-29 10:58:18
АКБ Samsung A21S/A12/A12S (A12 Nacho)/A02 (EB-BA217ABY) HC,650,500,/sku/68582/akb_samsung_a21s_a12_a12s_a12_nacho_a02_eb_ba217aby_hc,2025-11-29 10:58:18
АКБ Samsung S20 (EB-BG980ABY) ''GSM'',950,760,/sku/82846/akb_samsung_s20_eb_bg980aby_gsm,2025-11-29 10:58:18
"АКБ универсальный 398088P  (3.9*80*88mm, 4000 mAh)",350,260,/sku/60722/akb_universalnyy_398088p_3_9_80_88mm_4000_mah,2025-11-29 10:58:18
АКБ Xiaomi Poco C40 BN66 HC,850,660,/sku/77979/akb_xiaomi_poco_c40_bn66_hc,2025-11-29 10:58:18
АКБ Tecno Camon 18P/Spark 20 Pro/Spark 30 Pro (BL-49JT) HC,750,560,/sku/84808/akb_tecno_camon_18p_spark_20_pro_spark_30_pro_bl_49jt_hc,2025-11-29 10:58:18
