name,price,wholesale,link,dataparser,stock
АКБ Huawei HB4242B4EBW ( Honor 6/4X ),650 ₽,650 ₽,/catalog/product/3236-akb-huawei-hb4242b4ebw-honor-6-4x/,2026-02-13 10:38:44,немного
АКБ Original Samsung G355H Galaxy Core 2 1 класс,380 ₽,380 ₽,/catalog/product/3665-akb-original-samsung-g355h-galaxy-core-2-1-klass/,2026-02-13 10:38:44,очень мало
АКБ Original Samsung i9070 Galaxy S Advance,350 ₽,350 ₽,/catalog/product/2478-akb-original-samsung-i9070-galaxy-s-advance-1-klass/,2026-02-13 10:38:44,мало
АКБ Original Samsung S5360 Galaxy Y/S5380 Wave Y/S5300 Galaxy Pocket (EB454357VU),250 ₽,250 ₽,/catalog/product/5522-akb-original-samsung-s5360-galaxy-y-s5380-wave-y-s5300-galaxy-pocket-eb454357vu/,2026-02-13 10:38:44,немного
"АКБ Samsung AB603443CU, GT-S5230/U700/G800/L870/Z720",180 ₽,180 ₽,/catalog/product/3095-akb-samsung-ab603443cu-gt-s5230-u700-g800-l870-z720/,2026-02-13 10:38:44,мало
АКБ Samsung M01/SM-M015F HQ-61N,630 ₽,630 ₽,/catalog/product/11926-akb-samsung-m01-sm-m015f-hq-61n/,2026-02-13 10:38:44,очень мало
АКБ Samsung M11/SM-M115F HQ-S71 5000mAh,710 ₽,710 ₽,/catalog/product/11927-akb-samsung-m11-sm-m115f-hq-s71-5000mah/,2026-02-13 10:38:44,очень мало
АКБ Samsung N900 Galaxy Note 3/N9000/9002,440 ₽,440 ₽,/catalog/product/5480-akb-samsung-n900-galaxy-note-3-n9000-9002/,2026-02-13 10:38:44,мало
"АКБ для Apple iPhone 13 Pro, (OR)",3 200 ₽,3 200 ₽,/catalog/product/14260-akb-dlya-apple-iphone-13-pro-or/,2026-02-13 10:38:44,очень мало
"АКБ для Doogee S68 Pro 4G (BAT19M116300), б/у",1 100 ₽,1 100 ₽,/catalog/product/15330-akb-dlya-doogee-s68-pro-4g-bat19m116300-b-u/,2026-02-13 10:38:44,очень мало
АКБ для Honor (HB416594EGW) X8A / X8B / 90 Lite (4500mAh),950 ₽,950 ₽,/catalog/product/14284-akb-dlya-honor-hb416594egw-x8a-x8b-90-lite-4500mah/,2026-02-13 10:38:44,мало
АКБ для Honor (HB5066A1EGW) X7A / X7A Plus  (6000mAh),950 ₽,950 ₽,/catalog/product/14283-akb-dlya-honor-hb5066a1egw-x7a-x7a-plus-6000mah/,2026-02-13 10:38:44,мало
АКБ для Honor X8 (HB416492EFW),810 ₽,810 ₽,/catalog/product/14027-akb-dlya-honor-x8-hb416492efw/,2026-02-13 10:38:44,мало
АКБ для Huawei 7 (HB494590EBC),650 ₽,650 ₽,/catalog/product/3237-akb-original-huawei-honor-7-1-kl-hb494590ebc/,2026-02-13 10:38:44,очень мало
АКБ для Huawei HB366481ECW ( Honor 5C/8/8 Lite/9 Lite/7C/7C Pro/7A Pro/6C Pro/P9/9 Lite ),600 ₽,600 ₽,/catalog/product/5975-akb-dlya-huawei-hb366481ecw-honor-5c-8-8-lite-9-lite-7c-7c-pro-7a-pro-6c-pro-p9-9-lite/,2026-02-13 10:38:44,очень мало
АКБ для Huawei HB3742A0EZC (P8 Lite/ Y3 2017),650 ₽,650 ₽,/catalog/product/5377-akkumulyator-huawei-honor-hb3742a0ezc-p8-lite-high-quality-mt---teh-upak/,2026-02-13 10:38:44,много
АКБ для Huawei HB3742A0EZC (P8 Lite/ Y3 2017) Премиум,750 ₽,750 ₽,/catalog/product/9402-akkumulyator-huawei-honor-hb3742a0ezc-p8-lite-premium/,2026-02-13 10:38:44,немного
АКБ для Huawei HB386590ECW (Honor View 10/Honor Play/Honor 20/Honor 20 Lite/Honor 20i/Honor 20 Pro/H,850 ₽,850 ₽,/catalog/product/2917-akb-dlya-huawei-hb386590ecw-honor-view-10-honor-play-honor-20-honor-20-lite-honor-20i-honor-20-pro-h/,2026-02-13 10:38:44,мало
АКБ для Huawei HB396285ECW (Honor 10/Huawei P20),700 ₽,700 ₽,/catalog/product/7839-akb-dlya-huawei-hb396285ecw-honor-10-huawei-p20/,2026-02-13 10:38:44,очень мало
АКБ для Huawei HB396286ECW (Honor 10 lite/10i/20 lite/P Smart (2019)/20e),820 ₽,820 ₽,/catalog/product/4675-akb-dlya-huawei-hb396286ecw-honor-10-lite-10i-20-lite-p-smart-2019-20e/,2026-02-13 10:38:44,очень мало
АКБ для Huawei HB396286ECW (Honor 10 Lite/10i/20 Lite/P Smart 2019/20e) Премиум,850 ₽,850 ₽,/catalog/product/2411-akb-dlya-huawei-hb396286ecw-honor-10-lite-10i-20-lite-p-smart-2019-20e-premium/,2026-02-13 10:38:44,мало
АКБ для Huawei HB396481EBC (5X/G8/G7 Plus/Y6 II),650 ₽,650 ₽,/catalog/product/6683-akb-dlya-huawei-hb396481ebc-5x-g8-g7-plus-y6-ii/,2026-02-13 10:38:44,очень мало
АКБ для Huawei HB396693ECW (Huawei Mate 8),650 ₽,650 ₽,/catalog/product/4435-akb-dlya-huawei-hb396693ecw-huawei-mate-8/,2026-02-13 10:38:44,очень мало
"АКБ для Huawei HB3G1 ( MediaPad 7 Classic/T1 7.0""/T3 7.0"" )",650 ₽,650 ₽,/catalog/product/7840-akb-dlya-huawei-hb3g1/,2026-02-13 10:38:44,мало
АКБ для Huawei HB405979ECW (6A/6C/7A/7S/8A/8S/Huawei Y5 (2017)/Y6 (2019)/Y5 (2019)/Nova (2017)/Nova,700 ₽,700 ₽,/catalog/product/10721-akkumulyator-hb405979ecw-dlya-huawei-nova-can-l11-honor-6c-7a-dua-l22-8a-jat-lx1-y6-2019-8s/,2026-02-13 10:38:44,очень мало
АКБ для Huawei HB406689ECW/HB396689ECW (Y7 (2017)/Y9 (2018)/Y7 (2019)/P40 Lite E/Honor 8C/9C),800 ₽,800 ₽,/catalog/product/158-akb-dlya-huawei-hb406689ecw-hb396689ecw-y7-2017-y9-2018-y7-2019-p40-lite-e-honor-8c-9c/,2026-02-13 10:38:44,очень мало
АКБ для Huawei HB426489EEW (Huawei Y8p/Honor 30i),650 ₽,650 ₽,/catalog/product/5215-akb-original-huawei-mate-9-mate-9-pro-hb396689ecw-1-klass/,2026-02-13 10:38:44,очень мало
АКБ для Huawei HB436380ECW (Huawei P30),750 ₽,750 ₽,/catalog/product/3674-akb-dlya-huawei-hb436380ecw-huawei-p30/,2026-02-13 10:38:44,мало
АКБ для Huawei HB486486ECW ( Mate 20 Pro/P30 Pro ),750 ₽,750 ₽,/catalog/product/3433-akb-dlya-huawei-hb486486ecw-mate-20-pro-p30-pro/,2026-02-13 10:38:44,мало
АКБ для Huawei HB525777EEW (Huawei P40),1 100 ₽,1 100 ₽,/catalog/product/4501-akb-dlya-huawei-hb525777eew-huawei-p40/,2026-02-13 10:38:44,очень мало
АКБ для Huawei HB526489EEW (Honor 9A/Y6p),800 ₽,800 ₽,/catalog/product/7-akb-dlya-huawei-hb526489eew-honor-9a-y6p/,2026-02-13 10:38:44,очень мало
"АКБ для Huawei MediaPad M5 Lite 10""/M5 10.8""/M5 Pro 10""/M6 10.8"" (HB299418ECW)",1 500 ₽,1 500 ₽,/catalog/product/15187-akb-dlya-huawei-mediapad-m5-lite-10-m5-10-8-m5-pro-10-m6-10-8-hb299418ecw/,2026-02-13 10:38:44,очень мало
АКБ для Huawei Nova 2 (HB366179ECW),650 ₽,650 ₽,/catalog/product/1973-akkumulyator-dlya-huawei-nova-2-hb366179ecw/,2026-02-13 10:38:44,очень мало
АКБ для Huawei Nova Y91 (HB5470A3EHW-12),1 300 ₽,1 300 ₽,/catalog/product/14600-akb-dlya-huawei-nova-y91-hb5470a3ehw-12/,2026-02-13 10:38:44,очень мало
АКБ для Infinix Hot 11S/12 Pro (BL-49GX),990 ₽,990 ₽,/catalog/product/12953-akb-dlya-infinix-hot-11s-12-pro-bl-49gx/,2026-02-13 10:38:44,очень мало
"АКБ для iPad 3/4 9.7"", (премиум)",2 000 ₽,2 000 ₽,/catalog/product/11354-akb-dlya-ipad-3-4-hg-huarigor/,2026-02-13 10:38:44,очень мало
АКБ для iPad Air (A1484) HG (Huarigor),1 100 ₽,1 100 ₽,/catalog/product/11355-akb-dlya-ipad-air-a1484-hg-huarigor/,2026-02-13 10:38:44,очень мало
АКБ для iPad Air/iPad 9.7 (2017/2018)/iPad 10.2 (2019) HG (Huarigor),1 500 ₽,1 500 ₽,/catalog/product/11357-akb-dlya-ipad-air-ipad-9-7-2017-2018-ipad-10-2-2019-hg-huarigor/,2026-02-13 10:38:44,очень мало
"АКБ для iPhone 11 Pro + скотч для установки, Orig Chip, ""Desay""",2 300 ₽,2 300 ₽,/catalog/product/9431-akkumulyator-dlya-iphone-11-pro-orig-chip-desay-vosstanovlennyy-orig/,2026-02-13 10:38:44,очень мало
"АКБ для iPhone 11, JCID усиленная 3500 mAh",1 400 ₽,1 400 ₽,/catalog/product/10748-akb-dlya-iphone-11-premium/,2026-02-13 10:38:44,очень мало
"АКБ для iPhone 12 mini, Original",1 350 ₽,1 350 ₽,/catalog/product/12862-akb-dlya-iphone-12-mini-original/,2026-02-13 10:38:44,мало
АКБ для iPhone 13 - Battery Collection,1 350 ₽,1 350 ₽,/catalog/product/15241-akb-dlya-iphone-13---battery-collection/,2026-02-13 10:38:44,очень мало
"АКБ для iPhone 6 + скотч для установки, Orig, ""Desay""",700 ₽,700 ₽,/catalog/product/10257-akb-dlya-iphone-6-skotch-dlya-ustanovki-orig-desay/,2026-02-13 10:38:44,очень мало
"АКБ для iPhone 6 Plus (2915mAh) + скотч для установки, Orig Chip, ""Desay""",700 ₽,700 ₽,/catalog/product/4572-akb-iphone-6-plus-2915mah-orig-chip-desay-skotch-dlya-ustanovki-orig/,2026-02-13 10:38:44,мало
"АКБ для iPhone 6S Plus + скотч для установки, Orig, ""Desay""",950 ₽,950 ₽,/catalog/product/6923-akb-dlya-iphone-6s-plus-2750mah-orig-chip-desay-skotch-dlya-ustanovki-orig/,2026-02-13 10:38:44,много
"АКБ для iPhone 7 Plus + скотч для установки, Orig, ""Desay""",900 ₽,900 ₽,/catalog/product/10259-akb-dlya-iphone-7-plus-skotch-dlya-ustanovki-orig-desay/,2026-02-13 10:38:44,немного
"АКБ для iPhone 8 + скотч для установки, Orig Chip, ""Desay""",950 ₽,950 ₽,/catalog/product/10260-akb-dlya-iphone-8-skotch-dlya-ustanovki-orig-chip-desay/,2026-02-13 10:38:44,очень мало
"АКБ для iPhone 8 Plus + скотч для установки, Orig, ""Desay""",1 100 ₽,1 100 ₽,/catalog/product/10261-akb-dlya-iphone-8-plus-skotch-dlya-ustanovki-orig-desay/,2026-02-13 10:38:44,мало
"АКБ для iPhone SE + скотч для установки, Orig Chip, ""Desay""",700 ₽,700 ₽,/catalog/product/10262-akb-dlya-iphone-se-skotch-dlya-ustanovki-orig-chip-desay/,2026-02-13 10:38:44,мало
"АКБ для iPhone SE 2020 + скотч для установки, Orig Chip, ""Desay""",1 300 ₽,1 300 ₽,/catalog/product/8972-akb-dlya-iphone-se-2020-skotch-dlya-ustanovki-orig-chip-desay/,2026-02-13 10:38:44,немного
"АКБ для iPhone X + скотч для установки, Orig Chip, ""Desay""",1 500 ₽,1 500 ₽,/catalog/product/7735-akb-dlya-iphone-x-skotch-dlya-ustanovki-orig-chip-desay/,2026-02-13 10:38:44,очень мало
"АКБ для iPhone X, Premium",1 200 ₽,1 200 ₽,/catalog/product/10749-akb-dlya-iphone-x-premium/,2026-02-13 10:38:44,очень мало
"АКБ для iPhone XR + скотч для установки, Orig Chip, ""Desay""",1 200 ₽,1 200 ₽,/catalog/product/8816-akb-dlya-iphone-xr-skotch-dlya-ustanovki-orig-chip-desay/,2026-02-13 10:38:44,немного
"АКБ для iPhone XS + скотч для установки, Orig Chip, ""Desay""",1 750 ₽,1 750 ₽,/catalog/product/8817-akb-dlya-iphone-xs-skotch-dlya-ustanovki-orig-chip-desay/,2026-02-13 10:38:44,очень мало
АКБ для Meizu BA611,500 ₽,500 ₽,/catalog/product/6914-akb-dlya-meizu-ba611/,2026-02-13 10:38:44,очень мало
АКБ для Meizu BA621 (M5 Note),500 ₽,500 ₽,/catalog/product/3085-akb-dlya-meizu-ba621-m5-note/,2026-02-13 10:38:44,очень мало
АКБ для Meizu BA711,500 ₽,500 ₽,/catalog/product/7841-akb-dlya-meizu-ba711/,2026-02-13 10:38:44,очень мало
АКБ для Meizu BA721,500 ₽,500 ₽,/catalog/product/3066-akb-dlya-meizu-ba721/,2026-02-13 10:38:44,мало
"АКБ для Meizu M3 Note, BT61 (L681H)",500 ₽,500 ₽,/catalog/product/5686-akb-dlya-meizu-bt61-l681h/,2026-02-13 10:38:44,мало
"АКБ для Meizu M3 Note, BT61 (M681H)",300 ₽,300 ₽,/catalog/product/7967-akb-dlya-meizu-bt61-m681h/,2026-02-13 10:38:44,мало
АКБ для Nokia BL-4C (Премиум),350 ₽,350 ₽,/catalog/product/5926-akb-dlya-nokia-bl-4c-premium/,2026-02-13 10:38:44,немного
АКБ для Nokia BL-4CT (Премиум),350 ₽,350 ₽,/catalog/product/9731-akb-dlya-nokia-bl-4ct-premium/,2026-02-13 10:38:44,очень мало
АКБ для Nokia BL-5C,300 ₽,300 ₽,/catalog/product/4206-akb-dlya-nokia-bl-5c/,2026-02-13 10:38:44,очень мало
АКБ для Nokia BL-5C (Премиум),400 ₽,400 ₽,/catalog/product/5866-akb-provoltz-hb5a2h/,2026-02-13 10:38:44,немного
АКБ для Nokia BL-5CB,300 ₽,300 ₽,/catalog/product/4541-akb-dlya-nokia-bl-5cb/,2026-02-13 10:38:44,очень мало
АКБ для Nokia BL-5CT,350 ₽,350 ₽,/catalog/product/7844-akb-dlya-nokia-bl-5ct/,2026-02-13 10:38:44,мало
АКБ для Nokia BV-5V,350 ₽,350 ₽,/catalog/product/5934-akb-dlya-nokia-bv-5v/,2026-02-13 10:38:44,очень мало
АКБ для Nokia WT330 (Nokia 4.2),450 ₽,450 ₽,/catalog/product/8381-akb-dlya-nokia-wt330-nokia-4-2/,2026-02-13 10:38:44,очень мало
АКБ для OnePlus BLP745 (OnePlus 7T Pro),1 100 ₽,1 100 ₽,/catalog/product/8383-akb-dlya-oneplus-blp745-oneplus-7t-pro/,2026-02-13 10:38:44,очень мало
АКБ для OnePlus BLP761,1 150 ₽,1 150 ₽,/catalog/product/8626-akb-dlya-oneplus-blp761/,2026-02-13 10:38:44,очень мало
АКБ для OPPO BLP673  (A3s/A5/A5s/AX7/A12),700 ₽,700 ₽,/catalog/product/8384-akb-dlya-oppo-blp673-a3s-a5-a5s-ax7-a12/,2026-02-13 10:38:44,очень мало
АКБ для OPPO BLP727 (A5 2020/A9 2020),750 ₽,750 ₽,/catalog/product/8386-akb-dlya-oppo-blp727-a5-2020-a9-2020/,2026-02-13 10:38:44,мало
АКБ для OPPO BLP735 (Reno 2),950 ₽,950 ₽,/catalog/product/8388-akb-dlya-oppo-blp735-reno-2/,2026-02-13 10:38:44,очень мало
АКБ для OPPO BLP737 (Reno 2Z),950 ₽,950 ₽,/catalog/product/8389-akb-dlya-oppo-blp737-reno-2z/,2026-02-13 10:38:44,очень мало
АКБ для OPPO BLP781,900 ₽,900 ₽,/catalog/product/6559-akb-dlya-oppo-blp781/,2026-02-13 10:38:44,очень мало
АКБ для Realme 7/Narzo 30 5G (BLP807),1 300 ₽,1 300 ₽,/catalog/product/12581-akb-dlya-realme-7-narzo-30-5g-blp807/,2026-02-13 10:38:44,очень мало
АКБ для Realme 8 Pro/ 9 Pro+ (BLP837),1 100 ₽,1 100 ₽,/catalog/product/13415-akb-dlya-realme-8-pro-9-pro-blp837/,2026-02-13 10:38:44,мало
АКБ для Realme XT (BLP741),800 ₽,800 ₽,/catalog/product/12120-akb-dlya-realme-xt-blp741/,2026-02-13 10:38:44,очень мало
АКБ для Samsung AB463446BU (X200/C3010/E1232/E1070/E1080),280 ₽,280 ₽,/catalog/product/3097-akb-dlya-samsung-ab463446bu-x200-c3010-e1232-e1070-e1080/,2026-02-13 10:38:44,очень мало
АКБ для Samsung AB463651BU ( L700/B3410/B5310/C3200/C3222/C3312/C3500/C3510 )- HQ,240 ₽,240 ₽,/catalog/product/7556-akb-dlya-samsung-ab463651bu-l700-b3410-b5310-c3200-c3222-c3312-c3500-c3510---hq/,2026-02-13 10:38:44,очень мало
АКБ для Samsung AB463651BU (L700/B3410/B5310/C3200/C3222/C3312/C3500/C3510),160 ₽,160 ₽,/catalog/product/2690-akb-dlya-samsung-ab463651bu-l700-b3410-b5310-c3200-c3222-c3312-c3500-c3510/,2026-02-13 10:38:44,мало
АКБ для Samsung AB533640AU (S3600/C3310/S5520/F260/G400/G600/J770),170 ₽,170 ₽,/catalog/product/765-akb-dlya-samsung-ab533640au-s3600-c3310-s5520-f260-g400-g600-j770/,2026-02-13 10:38:44,очень мало
АКБ для Samsung AB553446BU (C5212 Duos/C3212 Duos/C3300/E1182/E2232),150 ₽,150 ₽,/catalog/product/5382-akb-dlya-samsung-ab553446bu-c5212-duos-c3212-duos-c3300-e1182-e2232/,2026-02-13 10:38:44,очень мало
АКБ для Samsung B150AE (GT-i8260 Galaxy Core/GT-i8262 Galaxy Core Duos/SM-G350E Galaxy Star Advance/,440 ₽,440 ₽,/catalog/product/3094-akb-dlya-samsung-b150ae-i8262-core-g350e-star-advance/,2026-02-13 10:38:44,много
АКБ для Samsung B500AE (i9190/i9192/i9195),450 ₽,450 ₽,/catalog/product/7557-akb-dlya-samsung-b500ae-i9190-i9192-i9195/,2026-02-13 10:38:44,немного
АКБ для Samsung B600BC (i9500/i9505/i9295/G7102),340 ₽,340 ₽,/catalog/product/4164-akb-dlya-samsung-b600bc-i9500-i9505-i9295-g7102/,2026-02-13 10:38:44,много
АКБ для Samsung B800BE (N9000 Note 3/N9005 Note 3 LTE),370 ₽,370 ₽,/catalog/product/3378-akb-dlya-samsung-b800be-n9000-note-3-n9005-note-3-lte/,2026-02-13 10:38:44,немного
АКБ для Samsung EB-BA013ABY (Galaxy A01 Core),550 ₽,550 ₽,/catalog/product/3083-akb-dlya-samsung-eb-ba013aby-galaxy-a01-core/,2026-02-13 10:38:44,очень мало
АКБ для Samsung EB-BA217ABY (SM-A217F/A125/A022/Galaxy A21s/A12/A13),760 ₽,760 ₽,/catalog/product/3084-akb-dlya-samsung-eb-ba217aby-galaxy-a21s-galaxy-a12-galaxy-a02/,2026-02-13 10:38:44,очень мало
АКБ для Samsung EB-BA310ABE (Galaxy A3 (2016) SM-A310F),680 ₽,680 ₽,/catalog/product/842-akb-dlya-samsung-eb-ba310abe-galaxy-a3-2016-sm-a310f/,2026-02-13 10:38:44,мало
АКБ для Samsung EB-BA315ABY (Galaxy A31 (A315F)/Galaxy A32 (A325F)),700 ₽,700 ₽,/catalog/product/8391-akb-dlya-samsung-eb-ba315aby-galaxy-a31-a315f-galaxy-a32-a325f/,2026-02-13 10:38:44,очень мало
АКБ для Samsung EB-BA415ABY (Galaxy A41),690 ₽,690 ₽,/catalog/product/4978-akb-dlya-samsung-eb-ba415aby-galaxy-a41/,2026-02-13 10:38:44,очень мало
АКБ для Samsung EB-BA426ABY (SM-A725F/Galaxy A72/M325F/ M32) Premium/LK,600 ₽,600 ₽,/catalog/product/12583-akb-dlya-samsung-eb-ba426aby-sm-a725f-galaxy-a72-m325f-m32-premium-lk/,2026-02-13 10:38:44,очень мало
АКБ для Samsung EB-BA505ABU ( A205 A20/A305 A30/A307 A30s/A505 A50 ),800 ₽,800 ₽,/catalog/product/1295-akb-dlya-samsung-eb-ba505abu-galaxy-a50/,2026-02-13 10:38:44,мало
АКБ для Samsung EB-BA510ABE (Galaxy A5 (2016) Премиум,570 ₽,570 ₽,/catalog/product/5899-akb-dlya-lenovo-a369-hc/,2026-02-13 10:38:44,очень мало
"АКБ для Samsung EB-BA530ABE, Galaxy A8 (2018)",760 ₽,760 ₽,/catalog/product/7558-akb-dlya-samsung-eb-ba530abe-galaxy-a8-2018/,2026-02-13 10:38:44,очень мало
АКБ для Samsung EB-BA700ABE,370 ₽,370 ₽,/catalog/product/5946-akb-dlya-samsung-a700f-galaxy-a7-orig/,2026-02-13 10:38:44,очень мало
АКБ для Samsung EB-BA705ABU (Galaxy A70),750 ₽,750 ₽,/catalog/product/7944-akb-dlya-samsung-eb-ba705abu-galaxy-a70/,2026-02-13 10:38:44,мало
АКБ для Samsung EB-BA710ABE (Galaxy A7 (2016)),520 ₽,520 ₽,/catalog/product/1449-akb-dlya-samsung-eb-ba710abe-galaxy-a7-2016/,2026-02-13 10:38:44,немного
АКБ для Samsung EB-BA750ABU (Galaxy A7 (2018)/Galaxy A10/Galaxy M10) Премиум,680 ₽,680 ₽,/catalog/product/9406-akb-dlya-samsung-eb-ba750abu-galaxy-a7-2018-galaxy-a10-galaxy-m10-premium/,2026-02-13 10:38:44,очень мало
АКБ для Samsung EB-BA905ABU (Galaxy A80),600 ₽,600 ₽,/catalog/product/8393-akb-dlya-samsung-eb-ba905abu-galaxy-a80/,2026-02-13 10:38:44,мало
АКБ для Samsung EB-BG313BBE (SM-G313H Ace 4 Lite),350 ₽,350 ₽,/catalog/product/118-akb-dlya-samsung-eb-bg313bbe-sm-g313h-ace-4-lite/,2026-02-13 10:38:44,немного
"АКБ для Samsung EB-BG360CBE, G360H/G361H/J200 Galaxy Core Prime) Премиум",370 ₽,370 ₽,/catalog/product/9407-akb-dlya-samsung-eb-bg360cbe-g360h-g361h-j200-galaxy-core-prime-premium/,2026-02-13 10:38:44,мало
"АКБ для Samsung EB-BG360CBE, G360H/G361H/J200 Galaxy Core Prime/Core Prime VE/J2",320 ₽,320 ₽,/catalog/product/5477-akb-dlya-samsung-eb-bg360cbe-g360h-g361h-j200-galaxy-core-prime-core-prime-ve-j2/,2026-02-13 10:38:44,очень мало
АКБ для Samsung EB-BG570ABE (J5 Prime),550 ₽,550 ₽,/catalog/product/8394-akb-dlya-samsung-eb-bg570abe-j5-prime/,2026-02-13 10:38:44,очень мало
"АКБ для Samsung EB-BG580ABN (Galaxy M20/(M205F), M30/(M305F), A40s/(A3050))",650 ₽,650 ₽,/catalog/product/8395-akb-dlya-samsung-eb-bg580abn-galaxy-m20/,2026-02-13 10:38:44,очень мало
"АКБ для Samsung EB-BG800CBE, (GS) Galaxy S5 Mini",530 ₽,530 ₽,/catalog/product/8211-akb-dlya-samsung-eb-bg800cbe-gs-galaxy-s5-mini/,2026-02-13 10:38:44,очень мало
АКБ для Samsung EB-BG850BBE ( G850F Alpha )  Премиум,470 ₽,470 ₽,/catalog/product/2723-akb-dlya-samsung-eb-bg850bbe---premium/,2026-02-13 10:38:44,очень мало
АКБ для Samsung EB-BG850BBE (Alpha/SM-G850/SM-G8508/SM-G8508S/SM-G8509v/SM-G850F/SM-G850T/SM-S801),300 ₽,300 ₽,/catalog/product/5478-akb-dlya-samsung-eb-bg850bbe-alpha-sm-g850-sm-g8508-sm-g8508s-sm-g8509v-sm-g850f-sm-g850t-sm-s801/,2026-02-13 10:38:44,немного
АКБ для Samsung EB-BG928ABE (Galaxy S6 Edge+) - Premium,710 ₽,710 ₽,/catalog/product/5397-akb-dlya-samsung-eb-bg928abe-galaxy-s6-edge---premium/,2026-02-13 10:38:44,очень мало
АКБ для Samsung EB-BG930ABE ( G930F/S7 ),590 ₽,590 ₽,/catalog/product/2404-akkumulyator-dlya-samsung-galaxy-s7-sm-g930fd-eb-bg930abe/,2026-02-13 10:38:44,мало
АКБ для Samsung EB-BG935ABE (S7 Edge G935F) - Премиум,670 ₽,670 ₽,/catalog/product/776-akb-dlya-samsung-eb-bg935abe-s7-edge-g935f---premium/,2026-02-13 10:38:44,очень мало
АКБ для Samsung EB-BG977ABU (Galaxy S10 5G),1 250 ₽,1 250 ₽,/catalog/product/11804-akb-dlya-samsung-eb-bg977abu-galaxy-s10-5g/,2026-02-13 10:38:44,очень мало
АКБ для Samsung EB-BJ100BBE (Galaxy J1 J100F),350 ₽,350 ₽,/catalog/product/3670-akb-dlya-samsung-eb-bj100bbe-galaxy-j1-j100f/,2026-02-13 10:38:44,мало
АКБ для Samsung EB-BJ120CBE (J1 (2016) J120F),800 ₽,800 ₽,/catalog/product/7561-akb-dlya-samsung-eb-bj120cbe-j1-2016-j120f/,2026-02-13 10:38:44,очень мало
АКБ для Samsung EB-BJ330ABE (SM-J330F/Galaxy J3 (2017) High Quality/MT,620 ₽,620 ₽,/catalog/product/11659-akb-dlya-samsung-eb-bj330abe-sm-j330f-galaxy-j3-2017-high-quality-mt/,2026-02-13 10:38:44,мало
АКБ для Samsung EB-BJ730AB/EB-BA720ABE ( A720F A7 2017/J730F J7 2017 ),610 ₽,610 ₽,/catalog/product/2937-akb-dlya-samsung-eb-ba720abe-a720f-a7-2017-j730f-j7-2017/,2026-02-13 10:38:44,очень мало
АКБ для Samsung EB-BJ800ABE (Galaxy A6/Galaxy J6/Galaxy J8),510 ₽,510 ₽,/catalog/product/4214-akb-dlya-samsung-eb-bj800abe-galaxy-a6-galaxy-j6-galaxy-j8/,2026-02-13 10:38:44,очень мало
АКБ для Samsung EB-BJ805ABE (Galaxy A6 Plus),750 ₽,750 ₽,/catalog/product/7184-akb-dlya-samsung-eb-bj805abe-galaxy-a6-plus/,2026-02-13 10:38:44,очень мало
АКБ для Samsung EB-BM317ABY (M31s/M317F),720 ₽,720 ₽,/catalog/product/11805-akb-dlya-samsung-eb-bm317aby-m31s-m317f/,2026-02-13 10:38:44,мало
АКБ для Samsung EB-BM415ABY (M51/M515F),820 ₽,820 ₽,/catalog/product/11806-akb-dlya-samsung-eb-bm415aby-m51-m515f/,2026-02-13 10:38:44,очень мало
АКБ для Samsung EB-BN910BBE (Galaxy Note 4),450 ₽,450 ₽,/catalog/product/4746-akb-dlya-samsung-eb-bn910bbe-galaxy-note-4/,2026-02-13 10:38:44,очень мало
АКБ для Samsung EB-F1A2GBU (i9100/i9103),240 ₽,240 ₽,/catalog/product/5479-akb-dlya-samsung-eb-f1a2gbu-i9100-i9103/,2026-02-13 10:38:44,мало
"АКБ для Samsung EB425161LU, Galaxy Ace II GT-i8160/S7562/i8190/S7390/Galaxy J1 Mini SM-J105H",570 ₽,570 ₽,/catalog/product/3254-akb-dlya-samsung-eb425161lu-galaxy-ace-ii-gt-i8160-s7562-i8190-s7390-galaxy-j1-mini-sm-j105h/,2026-02-13 10:38:44,много
АКБ для Samsung EB494353VU ( S7230/C6712/S5250/S5282/S5310/S5330/S5570/YP-G1 ),210 ₽,210 ₽,/catalog/product/7564-akb-dlya-samsung-eb494353vu-s7230-c6712-s5250-s5282-s5310-s5330-s5570-yp-g1/,2026-02-13 10:38:44,мало
АКБ для Samsung EB494358VU (S5830/B7800/S5660/S5670/S6102/S6802/S6790/S7250/S7500),230 ₽,230 ₽,/catalog/product/6207-akb-dlya-samsung-eb494358vu-s5830-b7800-s5660-s5670-s6102-s6802-s6790-s7250-s7500/,2026-02-13 10:38:44,очень мало
АКБ для Samsung EB585157LU (i8550/i8552/i8580/i8530/G355H),290 ₽,290 ₽,/catalog/product/3667-akb-dlya-samsung-eb585157lu-i8550-i8552-i8580-i8530-g355h/,2026-02-13 10:38:44,много
АКБ для Samsung EB595675LU (Galaxy Note 2 N7100/Note 2 LTE N7105),290 ₽,290 ₽,/catalog/product/5520-akb-dlya-samsung-eb595675lu-galaxy-note-2-n7100-note-2-lte-n7105/,2026-02-13 10:38:44,мало
АКБ для Samsung EB615268VU (i9220/N7000 Note),230 ₽,230 ₽,/catalog/product/4495-akb-dlya-samsung-eb615268vu-i9220-n7000-note/,2026-02-13 10:38:44,много
АКБ для Samsung G900F/i9600 EB-BG900BBC/EB-BG900BBU (S5),350 ₽,350 ₽,/catalog/product/7846-akb-dlya-samsung-eb-bg900bbe-g900f-s5/,2026-02-13 10:38:44,много
АКБ для Samsung Galaxy A5 (2015) SM-A500H (EB-BA500ABE),350 ₽,350 ₽,/catalog/product/4694-akb-dlya-samsung-galaxy-a5-2015-sm-a500h-eb-ba500abe/,2026-02-13 10:38:44,мало
АКБ для Samsung Galaxy J5 (2017) (SM-J530F) / EB-BJ530ABE,480 ₽,480 ₽,/catalog/product/2288-akkumulyator-dlya-samsung-galaxy-j5-2017-sm-j530f-eb-bj530abe/,2026-02-13 10:38:44,очень мало
АКБ для Samsung Galaxy Mega 5.8 GT-I9152 / B650AC,300 ₽,300 ₽,/catalog/product/2290-akb-dlya-samsung-galaxy-mega-5-8-gt-i9152-b650ac/,2026-02-13 10:38:44,очень мало
АКБ для Samsung INR18650-25R,490 ₽,490 ₽,/catalog/product/7847-akb-dlya-samsung-inr18650-25r/,2026-02-13 10:38:44,очень мало
АКБ для Samsung SCUD-WT-N6/HQ-70N (A10s/A20s/A11),750 ₽,750 ₽,/catalog/product/2893-akb-dlya-samsung-scud-wt-n6-hq-70n-a10s-a20s-a11/,2026-02-13 10:38:44,мало
АКБ для Tecno 39LT (Camon 12/KC8/CC7/CC6(Camon 12Air)BB4j/Spark 4/KC2/KC3/BB4)High Q,650 ₽,650 ₽,/catalog/product/11362-akb-dlya-tecno-39lt-camon-12-kc8-cc7-cc6-camon-12air-bb4j-spark-4-kc2-kc3-bb4-high-q/,2026-02-13 10:38:44,очень мало
АКБ для Tecno 44CT (Camon 16/Camon 16 premium (premier)/CE9/phantom 10) High Quality,700 ₽,700 ₽,/catalog/product/11363-akb-dlya-tecno-44ct-camon-16-camon-16-premium-premier-ce9-phantom-10-high-quality/,2026-02-13 10:38:44,мало
АКБ для Tecno 49HT (KE7/SPARK 6/CE7/Camon 16/Camon 16 Pro/CE8) High Quality/ES,800 ₽,800 ₽,/catalog/product/11366-akb-dlya-tecno-49ht-ke7-spark-6-ce7-camon-16-camon-16-pro-ce8-high-quality-es/,2026-02-13 10:38:44,мало
АКБ для Tecno 49JT (Camon 17 Pro/CG8/Camon 18P/CH7/Spark 8 Pro) High Quality/ES,650 ₽,650 ₽,/catalog/product/11367-akb-dlya-tecno-49jt-camon-17-pro-cg8-camon-18p-ch7-spark-8-pro-high-quality-es/,2026-02-13 10:38:44,мало
АКБ для Tecno 58BT (LC7/Pouvoir 4(POVA 4)/SPARK 6 Air/KE6/Pouvoir 4 Pro/LC8/Pova/LD7/Spark Power 2/P,700 ₽,700 ₽,/catalog/product/11368-akb-dlya-tecno-58bt-lc7-pouvoir-4-pova-4-spark-6-air-ke6-pouvoir-4-pro-lc8-pova-ld7-spark-power-2-p/,2026-02-13 10:38:44,мало
АКБ для Tecno 58CT (KF6/Spark7 KE6J/Spark 7T/KF6P/KF6J) High Quality/ES,820 ₽,820 ₽,/catalog/product/11369-akb-dlya-tecno-58ct-kf6-spark7-ke6j-spark-7t-kf6p-kf6j-high-quality-es/,2026-02-13 10:38:44,мало
АКБ для Tecno 68AT (POVA 2/LE7/POVA 3) High Quality/ES,800 ₽,800 ₽,/catalog/product/11370-akb-dlya-tecno-68at-pova-2-le7-pova-3-high-quality-es/,2026-02-13 10:38:44,мало
АКБ для Tecno BL-49GT (Camon 17/CG6/CG7/SPARK 9T/KH6/Camon 19 Neo) High Quality/ES,820 ₽,820 ₽,/catalog/product/11365-akb-dlya-tecno-49gt-camon-17-cg6-cg7-spark-9t-kh6-camon-19-neo-high-quality-es/,2026-02-13 10:38:44,очень мало
АКБ для Xiaomi 11T (BM59) - Battery Collection (Премиум),1 300 ₽,1 300 ₽,/catalog/product/15272-akb-dlya-xiaomi-11t-bm59---battery-collection-premium/,2026-02-13 10:38:44,очень мало
АКБ для Xiaomi BM22 (Xiaomi Mi 5),600 ₽,600 ₽,/catalog/product/7030-akb-dlya-xiaomi-bm22-xiaomi-mi-5/,2026-02-13 10:38:44,мало
АКБ для Xiaomi BM22 (Xiaomi Mi 5) Премиум,750 ₽,750 ₽,/catalog/product/8152-displey-dlya-iphone-7-tachskrin-chernyy-premium/,2026-02-13 10:38:44,мало
АКБ для Xiaomi BM33 (Xiaomi Mi 4i),600 ₽,600 ₽,/catalog/product/5216-akb-dlya-xiaomi-bm33-xiaomi-mi-4i/,2026-02-13 10:38:44,мало
АКБ для Xiaomi BM35 ( Mi 4C ),600 ₽,600 ₽,/catalog/product/7566-akb-dlya-xiaomi-bm35-mi-4c/,2026-02-13 10:38:44,мало
АКБ для Xiaomi BM37 (Mi 5S Plus),600 ₽,600 ₽,/catalog/product/7567-akb-dlya-xiaomi-bm37-mi-5s-plus/,2026-02-13 10:38:44,немного
АКБ для Xiaomi BM38 (Mi 4S),600 ₽,600 ₽,/catalog/product/7850-akb-dlya-xiaomi-bm38/,2026-02-13 10:38:44,мало
АКБ для Xiaomi BM39 (Mi 6),600 ₽,600 ₽,/catalog/product/7851-akb-dlya-xiaomi-bm39/,2026-02-13 10:38:44,мало
АКБ для Xiaomi BM3E (Mi 8),650 ₽,650 ₽,/catalog/product/7855-akb-dlya-xiaomi-bm3e-mi-8/,2026-02-13 10:38:44,очень мало
АКБ для Xiaomi BM3F (Mi 8 Pro),600 ₽,600 ₽,/catalog/product/7856-akb-dlya-xiaomi-bm3f-mi-8-pro/,2026-02-13 10:38:44,мало
АКБ для Xiaomi BM3J (Mi 8 Lite),750 ₽,750 ₽,/catalog/product/7857-akb-dlya-xiaomi-bm3j-mi-8-lite/,2026-02-13 10:38:44,мало
АКБ для Xiaomi BM3K (Mi Mix 3),650 ₽,650 ₽,/catalog/product/7858-akb-dlya-xiaomi-bm3k-mi-mix-3/,2026-02-13 10:38:44,мало
АКБ для Xiaomi BM42 ( Redmi Note 4G ),490 ₽,490 ₽,/catalog/product/7570-akb-dlya-xiaomi-bm42-redmi-note-4g/,2026-02-13 10:38:44,очень мало
АКБ для Xiaomi BM44 (Xiaomi Redmi 2),350 ₽,350 ₽,/catalog/product/7859-akb-dlya-xiaomi-bm44/,2026-02-13 10:38:44,мало
"АКБ для Xiaomi BM46 (Redmi Note 3 / Note 3 Pro / Note 3 Pro SE), Premium",980 ₽,980 ₽,/catalog/product/10952-akb-dlya-xiaomi-bm46-redmi-note-3-note-3-pro-note-3-pro-se-premium/,2026-02-13 10:38:44,мало
АКБ для Xiaomi BM46 (Redmi Note 3),600 ₽,600 ₽,/catalog/product/4326-akb-xiaomi-redmi-note-3-bm46/,2026-02-13 10:38:44,немного
АКБ для Xiaomi BM4A (Redmi Pro),500 ₽,500 ₽,/catalog/product/7572-akb-dlya-xiaomi-bm4a-redmi-pro/,2026-02-13 10:38:44,мало
АКБ для Xiaomi BM4E (Pocophone F1),800 ₽,800 ₽,/catalog/product/3488-akb-xiaomi-pocophone-f1-bm4e/,2026-02-13 10:38:44,очень мало
АКБ для Xiaomi BM4F ( Mi A3/Mi 9 Lite ),800 ₽,800 ₽,/catalog/product/7861-akb-dlya-xiaomi-bm4f/,2026-02-13 10:38:44,мало
АКБ для Xiaomi BM4N Mi 10 (BT),850 ₽,850 ₽,/catalog/product/11795-akb-dlya-xiaomi-bm4n-mi-10-bt/,2026-02-13 10:38:44,очень мало
АКБ для Xiaomi BM4Q ( Poco F2 Pro ),700 ₽,700 ₽,/catalog/product/5205-usb-kabel---perehodnik-10-v-1-vklyuchaya-8pin/,2026-02-13 10:38:44,очень мало
АКБ для Xiaomi BM4R Mi 10 Lite,930 ₽,930 ₽,/catalog/product/11796-akb-dlya-xiaomi-bm4r-mi-10-lite/,2026-02-13 10:38:44,очень мало
АКБ для Xiaomi BM50 (Mi Max 2) High Quality,1 000 ₽,1 000 ₽,/catalog/product/4719-akb-dlya-xiaomi-bm50-mi-max-2/,2026-02-13 10:38:44,очень мало
АКБ для Xiaomi BM51 (Mi Max 3),700 ₽,700 ₽,/catalog/product/7574-akb-dlya-xiaomi-bm51-mi-max-3/,2026-02-13 10:38:44,очень мало
АКБ для Xiaomi BM54 (Xiaomi Redmi Note 9T),950 ₽,950 ₽,/catalog/product/5774-remax-otg-microusb---usb/,2026-02-13 10:38:44,очень мало
АКБ для Xiaomi BN20 (Mi 5C),500 ₽,500 ₽,/catalog/product/7862-akb-dlya-xiaomi-bn20/,2026-02-13 10:38:44,мало
АКБ для Xiaomi BN31 (Mi 5X/Mi A1/Redmi Note 5A/Redmi Note 5A Prime/Redmi S2),650 ₽,650 ₽,/catalog/product/10278-akb-dlya-xiaomi-bn31-mi-5x-mi-a1-redmi-note-5a-redmi-note-5a-prime-redmi-s2/,2026-02-13 10:38:44,очень мало
АКБ для Xiaomi BN34 (Redmi 5A),500 ₽,500 ₽,/catalog/product/5306-akb-dlya-xiaomi-bn34-redmi-5a/,2026-02-13 10:38:44,очень мало
АКБ для Xiaomi BN35 (Redmi 5),650 ₽,650 ₽,/catalog/product/7863-akb-dlya-xiaomi-bn35-redmi-5/,2026-02-13 10:38:44,мало
"АКБ для Xiaomi BN36 (Mi 6X, Mi A2)",680 ₽,680 ₽,/catalog/product/11811-akb-dlya-xiaomi-bn36-mi-6x-mi-a2/,2026-02-13 10:38:44,очень мало
АКБ для Xiaomi BN36 (Mi 6X/Xiaomi Mi A2) Премиум,850 ₽,850 ₽,/catalog/product/9734-akb-dlya-xiaomi-bn36-mi-6x-xiaomi-mi-a2-premium/,2026-02-13 10:38:44,очень мало
АКБ для Xiaomi BN40 (Redmi 4 Pro) Premium,700 ₽,700 ₽,/catalog/product/10953-akb-dlya-xiaomi-bn40-redmi-4-pro-premium/,2026-02-13 10:38:44,мало
АКБ для Xiaomi BN41/BN41L (Redmi Note 4),850 ₽,850 ₽,/catalog/product/5470-akb-dlya-xiaomi-bn41-bn41l-redmi-note-4/,2026-02-13 10:38:44,очень мало
АКБ для Xiaomi BN42 (Xiaomi Redmi 4/Xiaomi Redmi 4 Prime),600 ₽,600 ₽,/catalog/product/5529-akb-dlya-xiaomi-bn42/,2026-02-13 10:38:44,мало
АКБ для Xiaomi BN43 (Redmi Note 4X),750 ₽,750 ₽,/catalog/product/5378-akb-dlya-xiaomi-bn43-redmi-note-4x/,2026-02-13 10:38:44,мало
АКБ для Xiaomi BN44 ( Redmi 5 Plus ),700 ₽,700 ₽,/catalog/product/2405-akkumulyator-dlya-xiaomi-redmi-5-plus-bn44/,2026-02-13 10:38:44,очень мало
АКБ для Xiaomi BN45 (Redmi Note 5/Note 5 Pro),800 ₽,800 ₽,/catalog/product/459-akb-dlya-xiaomi-bn45-redmi-note-5-note-5-pro/,2026-02-13 10:38:44,очень мало
АКБ для Xiaomi BN46 ( Redmi 7/Note 8/8T/Note 8 (2021) High Quality,500 ₽,500 ₽,/catalog/product/7867-akb-dlya-xiaomi-bn46/,2026-02-13 10:38:44,очень мало
АКБ для Xiaomi BN47 (Mi A2 Lite/Redmi 6 Pro),650 ₽,650 ₽,/catalog/product/4279-akb-dlya-xiaomi-bn47-mi-a2-lite-redmi-6-pro/,2026-02-13 10:38:44,очень мало
АКБ для Xiaomi BN47 (Mi A2 Lite/Redmi 6 Pro) - Премиум,750 ₽,750 ₽,/catalog/product/5782-akb-dlya-xiaomi-bn47-mi-a2-lite-redmi-6-pro---high-quality/,2026-02-13 10:38:44,немного
АКБ для Xiaomi BN48 (Redmi Note 6 Pro),770 ₽,770 ₽,/catalog/product/5219-akb-dlya-xiaomi-bn48-redmi-note-6-pro/,2026-02-13 10:38:44,мало
АКБ для Xiaomi BN49 (Redmi 7A),800 ₽,800 ₽,/catalog/product/4880-akb-dlya-xiaomi-bn49-redmi-7a/,2026-02-13 10:38:44,немного
АКБ для Xiaomi BN4A (Redmi Note 7),900 ₽,900 ₽,/catalog/product/7575-akb-dlya-xiaomi-bn4a-redmi-note-7/,2026-02-13 10:38:44,очень мало
АКБ для Xiaomi BN53 (Redmi Note 9 Pro/ Note 10 Pro),1 000 ₽,1 000 ₽,/catalog/product/12087-akb-dlya-xiaomi-bn53-redmi-note-10-pro/,2026-02-13 10:38:44,очень мало
АКБ для Xiaomi BN55 (Redmi Note 9S),850 ₽,850 ₽,/catalog/product/8401-akb-dlya-xiaomi-bn55-redmi-note-9s/,2026-02-13 10:38:44,мало
АКБ для Xiaomi BN56 (Redmi 9A/Redmi 9C/Redmi A1/A1+),770 ₽,770 ₽,/catalog/product/7869-akb-dlya-xiaomi-bn56-redmi-9a-redmi-9c/,2026-02-13 10:38:44,немного
"АКБ для Xiaomi BN59 (Redmi Note 10, Note 10S)",1 000 ₽,1 000 ₽,/catalog/product/11812-akb-dlya-xiaomi-bn59-redmi-note-10-note-10s/,2026-02-13 10:38:44,очень мало
"АКБ для Xiaomi BN5A (Redmi 10, Note 10T, Poco M3 Pro 5G)",800 ₽,800 ₽,/catalog/product/11813-akb-dlya-xiaomi-bn5a-redmi-10-note-10t-poco-m3-pro-5g/,2026-02-13 10:38:44,мало
"АКБ для Xiaomi BN5D (Redmi Note 11, 11S 4G, Poco M4 Pro 4G)",1 000 ₽,1 000 ₽,/catalog/product/11814-akb-dlya-xiaomi-bn5d-redmi-note11-11s-4g-poco-m4-pro-4g/,2026-02-13 10:38:44,очень мало
АКБ для Xiaomi Redmi A3/A3x/Poco C61 (BN5R) - Battery Collection (Премиум),1 100 ₽,1 100 ₽,/catalog/product/15286-akb-dlya-xiaomi-redmi-a3-a3x-poco-c61-bn5r---battery-collection-premium/,2026-02-13 10:38:44,очень мало
АКБ универсальная 10х20х3 160mah (041018p),200 ₽,200 ₽,/catalog/product/11372-akb-universalnaya-10h20h3-160mah-041018p/,2026-02-13 10:38:44,очень мало
АКБ универсальная 10х30х4 250mah (041230p),250 ₽,250 ₽,/catalog/product/11827-akb-universalnaya-10h30h4-250mah-041230p/,2026-02-13 10:38:44,очень мало
АКБ универсальная 12х35х4 350mah (041235p),270 ₽,270 ₽,/catalog/product/11374-akb-universalnaya-12h35h4-350mah-041235p/,2026-02-13 10:38:44,очень мало
АКБ универсальная 15х20х4 180mah (041517p),220 ₽,220 ₽,/catalog/product/11375-akb-universalnaya-15h20h4-180mah-041517p/,2026-02-13 10:38:44,мало
АКБ универсальная 20х50х3 500mah (042048p),320 ₽,320 ₽,/catalog/product/11378-akb-universalnaya-20h50h3-500mah-042048p/,2026-02-13 10:38:44,очень мало
АКБ универсальная 22х25х3 300mah (032323p),220 ₽,220 ₽,/catalog/product/11379-akb-universalnaya-22h25h3-300mah-032323p/,2026-02-13 10:38:44,очень мало
"АКБ Универсальная 3,7x125x55 mm 3200mAh (3,7V Li-Pol)",650 ₽,650 ₽,/catalog/product/3021-akb-universalnaya-3-7x125x55-mm-3200mah-3-7v-li-pol/,2026-02-13 10:38:44,очень мало
"АКБ Универсальная 3,7x66x125 mm (3,7V Li-Pol)",780 ₽,780 ₽,/catalog/product/3023-akb-universalnaya-3-7x66x125-mm-3-7v-li-pol/,2026-02-13 10:38:44,очень мало
АКБ универсальная 304569p (3x45x69),320 ₽,320 ₽,/catalog/product/7870-akb-universalnaya-304569p-3x45x69/,2026-02-13 10:38:44,очень мало
АКБ универсальная 3590100p,530 ₽,530 ₽,/catalog/product/7646-akb-universalnaya-3590100p/,2026-02-13 10:38:44,очень мало
"АКБ универсальная 386580p (3,8x65x80)",530 ₽,530 ₽,/catalog/product/7647-akb-universalnaya-386580p-3-8x65x80/,2026-02-13 10:38:44,очень мало
АКБ универсальная 386590p (38*65*90),380 ₽,380 ₽,/catalog/product/7648-akb-universalnaya-386590p-38-65-90/,2026-02-13 10:38:44,очень мало
"АКБ Универсальная 3x45x140 mm 3800mAh (3,7V Li-Pol)",520 ₽,520 ₽,/catalog/product/3025-akb-universalnaya-3x45x140-mm-3800mah-3-7v-li-pol/,2026-02-13 10:38:44,очень мало
"АКБ Универсальная 3x50x70p, 2000mAh (305070p)",330 ₽,330 ₽,/catalog/product/5331-akb-universalnaya-3x50x70p-2000mah-305070p/,2026-02-13 10:38:44,мало
"АКБ универсальная 4,7x50x70 475070p",410 ₽,410 ₽,/catalog/product/7894-akb-universalnaya-475070p-4-7x50x70/,2026-02-13 10:38:44,мало
АКБ универсальная 402040p (4x20x40),350 ₽,350 ₽,/catalog/product/6556-akb-universalnaya-402040p-4x20x40/,2026-02-13 10:38:44,мало
АКБ универсальная 403035p,350 ₽,350 ₽,/catalog/product/5960-akb-universalnaya-403035p/,2026-02-13 10:38:44,очень мало
АКБ универсальная 403443p (4x34x43),300 ₽,300 ₽,/catalog/product/7888-akb-universalnaya-403443p-4x34x43/,2026-02-13 10:38:44,очень мало
АКБ универсальная 40х50х4 1200mah (044050p),400 ₽,400 ₽,/catalog/product/11381-akb-universalnaya-40h50h4-1200mah-044050p/,2026-02-13 10:38:44,очень мало
АКБ универсальная 40х55х4 1800mah (044555p),450 ₽,450 ₽,/catalog/product/11382-akb-universalnaya-40h55h4-1800mah-044555p/,2026-02-13 10:38:44,очень мало
АКБ универсальная 4x30х35 500mah (043035p),250 ₽,250 ₽,/catalog/product/3020-akkumulyator-universalnyy-4x30h35-500mah-043035p/,2026-02-13 10:38:44,очень мало
АКБ универсальная 4х27х75 1100mah (412774p),500 ₽,500 ₽,/catalog/product/5518-akkumulyator-universalnyy-4h27h75-1100mah-412774p/,2026-02-13 10:38:44,мало
"АКБ Универсальная 4х50х100 mm 3200mAh (3,7V Li-Pol)",520 ₽,520 ₽,/catalog/product/5961-akb-universalnaya-4h50h100-mm-3200mah-3-7v-li-pol/,2026-02-13 10:38:44,очень мало
АКБ универсальная 50х100х4 3000mah (0450100p),400 ₽,400 ₽,/catalog/product/11829-akb-universalnaya-50h100h4-3000mah-0450100p/,2026-02-13 10:38:44,очень мало
АКБ универсальная 50х134х3 3500mah (3555130p),440 ₽,440 ₽,/catalog/product/11830-akb-universalnaya-50h134h3-3500mah-3555130p/,2026-02-13 10:38:44,мало
АКБ универсальная 55х124х3 3500mah (3455122p),430 ₽,430 ₽,/catalog/product/11658-akb-universalnaya-55h124h3-3500mah-3455122p/,2026-02-13 10:38:44,немного
АКБ универсальная 55х148х3 4000mah (3555148p),550 ₽,550 ₽,/catalog/product/11831-akb-universalnaya-55h148h3-4000mah-3555148p/,2026-02-13 10:38:44,мало
АКБ универсальная 55х95х3 3000mah (045794p),400 ₽,400 ₽,/catalog/product/11383-akb-universalnaya-55h95h3-3000mah-045794p/,2026-02-13 10:38:44,очень мало
АКБ универсальная 60х105х4 3500mah (0460105p),550 ₽,550 ₽,/catalog/product/11832-akb-universalnaya-60h105h4-3500mah-0460105p/,2026-02-13 10:38:44,очень мало
АКБ универсальная 60х80х4 3200mah (046080p),500 ₽,500 ₽,/catalog/product/11833-akb-universalnaya-60h80h4-3200mah-046080p/,2026-02-13 10:38:44,очень мало
АКБ универсальная 70х100х4 3800mah (0470100p),500 ₽,500 ₽,/catalog/product/11834-akb-universalnaya-70h100h4-3800mah-0470100p/,2026-02-13 10:38:44,мало
"АКБ универсальная 721855p (7,2x18x55)",250 ₽,250 ₽,/catalog/product/7900-akb-universalnaya-721855p-7-2x18x55/,2026-02-13 10:38:44,мало
"АКБ универсальная, 032830, 3х28х30мм, 300mAh, в техпаке",230 ₽,230 ₽,/catalog/product/5112-akb-universalnaya-032830-3h28h30mm-300mah-v-tehpake/,2026-02-13 10:38:44,мало
"Внешняя  АКБ Xiaomi Power Bank ZMI PB630  3000mAh with 2USB,голубой",1 050 ₽,1 050 ₽,/catalog/product/6076-vneshnyaya-akb-xiaomi-power-bank-zmi-pb630-3000mah-with-2usb-goluboy/,2026-02-13 10:38:44,мало
Чехол для АКБ Xiaomi 10000 mAh (Orange),99 ₽,99 ₽,/catalog/product/3246-chehol-dlya-akb-xiaomi-10000-mah-orange/,2026-02-13 10:38:44,очень мало
Чехол для АКБ Xiaomi 20000 mAh (Green),99 ₽,99 ₽,/catalog/product/3251-chehol-dlya-akb-xiaomi-20000-mah-green/,2026-02-13 10:38:44,очень мало
Чехол для АКБ Xiaomi 20000 mAh (Orange),250 ₽,250 ₽,/catalog/product/3250-chehol-dlya-akb-xiaomi-20000-mah-orange/,2026-02-13 10:38:44,очень мало
Чехол для АКБ Xiaomi 5000 mAh (Green),250 ₽,250 ₽,/catalog/product/3243-chehol-dlya-akb-xiaomi-5000-mah-green/,2026-02-13 10:38:44,очень мало
Ячейка (банка) АКБ для iPhone 11 PRO + комплект наклеек (без шлейфа),1 300 ₽,1 300 ₽,/catalog/product/11636-yacheyka-banka-akb-dlya-iphone-11-pro-komplekt-nakleek-bez-shleyfa/,2026-02-13 10:38:44,мало
Ячейка (банка) АКБ для iPhone 11 PRO MAX + комплект наклеек (без шлейфа),1 500 ₽,1 500 ₽,/catalog/product/11637-yacheyka-banka-akb-dlya-iphone-11-pro-max-komplekt-nakleek-bez-shleyfa/,2026-02-13 10:38:44,очень мало
Ячейка (банка) АКБ для iPhone XS MAX + комплект наклеек (без шлейфа),1 200 ₽,1 200 ₽,/catalog/product/11641-yacheyka-banka-akb-dlya-iphone-xs-max-komplekt-nakleek-bez-shleyfa/,2026-02-13 10:38:44,очень мало
